source,sender,subject,body,label,urls
CEAS_08,Opal Livingston <lindeinpagerankmet@deinpagerank.de>,Don't blame us for not telling you about this herbal revolution fqj pe rqd,"No other p ct en apl is e dwg nla xku rgem oq ent form lxv ula has been as thoroughly researched and cli acf nic vd ally studied as Po oc we mf rEn ks lar kn ge. Forty-four sepa ax rate cli rdv nical studies testify to the shocking p ql en jbd is enla dk rgem xzk ent power of Po ca we rmu rEn vr lar aa ge. In a groundbreaking cl bm ini oby cal study at McM go aster Un ekw iver xko sity, one extraordinary subject using Po qyx we vt rEn xp lar aw ge stunned researchers after he gai oh ned 3.04 In ukf ch jy es, which beats any other p ktv en msm is enl vf arge kp ment system around.You can exp hgm ect an in hyv cre yo ase ranging from 1 to 4 i azb nc fet hes in le hd ng epp th after a 4 mon szx th supply, but we do re ub com moy mend the 6 mon uq th pa cg cka tj ge for better re bic su jjy lts and hi cg gher savings.Keep your gains PE uee RMA ou NEN le TLY !! Click here!!! ... http://oezqkn.makecase.com/?hauiyg
",1,1
CEAS_08,CNN Alerts <issemma1977@it-energy.ru>,CNN Alerts: My Custom Alert,"

CNN Alerts: My Custom Alert






 



Alert Name: My Custom Alert
Cheat your way into Ivy League

Fri, 8 Aug 2008 08:28:48 -0400

FULL STORY



You have agreed to receive this email from CNN.com as a result of your CNN.com preference settings.
To manage your settings click here.
To alter your alert criteria or frequency or to unsubscribe from receiving custom email alerts, click here.


Cable News Network. One CNN Center, Atlanta, Georgia 30303
© 2008 Cable News Network.
A Time Warner Company
All Rights Reserved.
View our privacy policy and terms.






",1,0
CEAS_08,Brittany Leal <dwwalkerconsultantsm@walkerconsultants.com>,Forget about long-acting medications! ,"
Say ""YES"" to perfect sex! 
Enhance your sexual life now! 
Viagra will help you in any situation . 
Canadian Online pharmacy store is open  24/7 

 http://pachawossweet.com

We ship worldwide:  America, Europe, Asia etc


",1,1
CEAS_08,"""David C. Rankin"" <vhdicqcdjjo@suddenlinkmail.com>","Re: [opensuse] Nvidia compiz ""freeze""","Daniel Bauer wrote:
> Hi everybody
> 
> Since I installed compiz-fusion the screen freezes after the screensaver 
> starts or when I go to a text-console (ctrl-alt-F2) and come back again. 
> (mouse can be moved, but no action on click, cannot switch to text-console, 
> have to shutdown and restart).
> 
In the short term choosing ""Blank"" screen as your screen saver may help. 
I have had this issue as well on an ATI card, so it isn't just nVidia 
specific.

-- 
David C. Rankin, J.D., P.E.
Rankin Law Firm, PLLC
510 Ochiltree Street
Nacogdoches, Texas 75961
Telephone: (936) 715-9333
Facsimile: (936) 715-9339
www.rankinlawfirm.com


",0,0
CEAS_08,Barry Warsaw <pjaxq@python.org>,Re: [Python-3000] gettext,"-----BEGIN PGP SIGNED MESSAGE-----
Hash: SHA1

On Apr 30, 2008, at 2:41 PM, Torsten Bronger wrote:

> Indeed.  From today's perspective, I see no use case for getting
> human text snippets in byte strings encoded with the same encoding
> that just happened to be used in the .mo file, or with the
> ""preferred system encoding"".

Agreed.

> So it is only about the question how much hassle a
> renaming/deprecation generates for existing code.

Maybe we shouldn't be so worried about deprecation.  Py3 is a clean  
break, right?

>> That might argue for renaming ugettext() to gettext() and adding
>> something like a egettext() or bgettext() method.
>
> Okay.  But I think its not much advantage to have the ""encoded""
> functions under new names, given that instead of renaming, you can
> also easily use ugettext to mimic their behaviour.

Works for me.

>> OTOH, the current names are inspired from GNU gettext so it seems
>> to me there's not much value in renaming our methods, except to
>> increase confusion and break backward compatibility .
>
> Well, this is hard to evaluate.  However, I think that if there is
> no danger of getting silent errors, then the module should switch to
> unicode, possibly even unicode-only.  After all, the results of
> gettext are likely to be passed to higher-level functions that use
> (or will switch to) unicode, too.
>
> As for ""gettext"" returning a unicode string: If clearly documented,
> I see not too much harm in using a different type scheme than C
> gettext; this should be acceptable in a reimplementation in another
> language.

Torsten, I agree.  Let's just rename ugettext() to gettext() and have  
it return unicodes.  That's the cleanest API we can do for Python.

- -Barry

-----BEGIN PGP SIGNATURE-----
Version: GnuPG v1.4.8 (Darwin)

iQCVAwUBSBoWv3EjvBPtnXfVAQJF1QQAr2G+UHqXkuckx9oREYpwsXhDhISy4pKJ
l3Ai+p+vlVsKIPiYn8HSuJYFRa8QIOBT5EOl6DEDMvQ78hYXu1VaLGWO5bOvnrjS
TtCeyM9xZuXWxB3StHO3ao8pK4VdBtljBsi+3vZ8br+4zZpOKQRwiMoWozqyq6u1
EwxFUwE19qI=
=936h
-----END PGP SIGNATURE-----
_______________________________________________
Python-3000 mailing list
smsbmo-9552@python.org
http://mail.python.org/mailman/listinfo/python-3000
Unsubscribe: http://mail.python.org/mailman/options/python-3000/python-3000%40tangomu.com


",0,1
CEAS_08,Philipp Thomas <xoktndv.nakhjp@t-link.de>,"Re: [opensuse]  Re: 3.5 GB of RAM, Rest Missing",">Thus I'm concluding if it doesn't work then it might be a BIOS issue. Once again:  - The Bios has to reserve address space for PCI devices and usually     reserves between 0.5 and 1 GiB.  - To make the physical RAM that's hidden by that reservation     available, most BIOSs map this RAM beyond the 4 GiB (2^32)    Threshold. - To address that memory, you need a kernel supporting either    PAE or long (i.e. 64 bit) mode. If the memory isn't available, it's rather obvious that it is the BIOS that failed to do the mapping. >In PAE the operating system uses page tables to map this 4 GiB >address space onto the 64 GiB of total memory, and the map is >usually different for each process. You've got something mixed up there. Not the OS but the processor uses page tables and it does that for *all* operating modes, not only PAE, as virtual memory management on x86 and x86-64 relies on page tables. Philipp --  >From mwbfbfl@santronics.com  Sat Apr 26 15:48:55 2008 Message: 2 Date: Sun, 17 Feb 2008 12:32:40 -0500 From: Hector Santos  Subject: Re: [ietf-dkim] Re: ISSUE 1547: SSP-02: MX Record publishing 	mandateto	reduce DNS overhead for SSP Discovery and to 	detectfraudulent messages To: Douglas Otis  Cc: DKIM List  Message-ID: <47B86FB8.8010201@santronics.com> Content-Type: text/plain; charset Douglas Otis wrote: >> I really don't see why it matters from where it sent and how.  Do you  >> have a preferred type of burglar knocking on your door?  >  > Many different doors could be helped by DKIM.  While there might be an  > expectation that those knocking at the front door will validate their  > affiliation, there may be different expectations for those at the back  > door.  The difference might be as simply as not buying wares from those  > at the back door.  When someone escorts them to the front door, they  > might be asked to validate their affiliation, although likely unprepared  > to do so.  While moving everyone to a common doorway may seem ideal,  > this creates a significant problem when the front door carries a greater  > obligation.  Different doors need different policies when there are  > different levels of trust based upon the door used.  At some distant  > point in the future, perhaps all doors will be treated the same, but  > time has not arrived. Doug, That time came long ago. Remember, this is predominately about anonymous vs non-anonymous  transactions and systems have always treaty anonymous and non-anonymous  transactions differently. An anonymous back door is the last thing we want, although this strongly  appears what the ASP model is promoting. :-) --  Sincerely Hector Santos, CTO http://www.santronics.com http://santronics.blogspot.com ------------------------------ _______________________________________________ NOTE WELL: This list operates according to",0,1
CEAS_08,Lynette Ash <MercedeshelmetAsh@foxnews.com>,"You Can Enlarge Your Penis By 3""","
Try it today - you have nothing to lose, just a lot to gain!

Read hundreds of testimonials from satisfied men and their girlfriends on this site. After years of scientific research, a herbal breakthrough is finally achieved - the product rated as #1 by healthcare professionals, with gains of up to 1-3 inches guaranteed, and girth increases from 5% - 30%.

http://foldfeel.com/


",1,1
CEAS_08,Dave Plater <pliprbcbyji@gmail.com>,Re: [opensuse] VirtualBox OSE problmes with openSUSE 10.3,"Roger Oberholtzer wrote: > On Thu, 2008-02-14 at 09:21 +0200, Dave Plater wrote: >    >> Tom Patton wrote: >>      >>> On Thu, 2008-02-14 at 00:04 -0200, CF wrote: >>>    >>>        >>>> Adam Jimerson wrote: >>>>      >>>>          >>>>> I installed VirtualBox OSE off the OSS repositories and I have all of its  >>>>> dependencies installed, or the ones that I know I was following the  >>>>> instructions from the VirtualBox End-User Guide and the wiki article about it  >>>>> http://en.opensuse.org/VirtualBox_Installation.  After getting everything set  >>>>> up it works fine until I reboot my system, it seems the vboxdrv kernel module  >>>>> or /dev/vboxdrv does not like to stay installed on my system.  In order to  >>>>> use VirtualBox I have to run the vboxdrv setup command everytime I restart or  >>>>> turn on my machine. >>>>>        >>>>>            >>>> When you install VBox package from OSS repo, you need to load VBox >>>> kernel module manually, as root user, every time you use VBox, or set >>>> the kernel module to be automatically loaded at boot through YaST2 -> >>>> System Configuration. >>>>      >>>>          >>> correct >>>    >>>        >>>> However, none of this is required if you install VBox package directly >>>> from http://www.virtualbox.org/ >>>> >>>>      >>>>          >>> Are you sure?  I'm running the suse10.3 rpm package from their site (for >>> the USB support), and still have to modprobe the vboxdrv module to run >>> it...why do you say it isn't required?  I believe you will find that you >>> do need the module, and will even have to re-compile it when/if you >>> update the kernel..by ===>  (the command ""/etc/init.d/vboxdrive setup"", >>> and is quite automatic.) >>> >>> Tom in NM >>> >>> >>>    >>>        >> With the binary from the virtualbox site, you simply install the rpm and >> it takes care of the kernel and everything else. You only have to run >> the module loader once and once after each kernel change. >>      > > Of course. But if SUSE had left vboxdrv alone, having the 'setup' make a > new module, then the SUSE RPM could have done an 'insserv vboxdrv'. Then > (1) we would not be having this discussion because everyone's kernel > modules would load as expected, and (2) new kernels could be handled by > either a new vb rpm, or a simple run of 'vboxdrv setup'. As it stands > now, 'vboxdrv setup' from SUSE does NOT remake the module no matter. The > code is removed unconditionally from that part of the script. You are > running the virtualbox from SUSE's RPM, no If that questions for me no, I needed usb support so I only tried the suse one once and then installed the suse 10.3 rpm from http://www.virtualbox.org/wiki/Downloads . Everybody else who has, had no problems. If my kernel changes, it prompts me to run the module installer and restart vbox. Dave --  >From byfzbhmer@gmail.com  Sun Feb 24 10:31:33 2008 Message: 1 Date: Fri, 15 Feb 2008 18:49:38 -0500 From: Damon  Subject: Re: [ietf-dkim] Re: ISSUE 1547: SSP-02: MX Record publishing 	mandateto reduce DNS overhead for SSP Discovery and to 	detectfraudulent messages To: ""Hector Santos""  Cc: DKIM List ,	""MH Michael Hammer \\(5304\\)"" 	 Message-ID: 	<28315622390381732k315i2239qz8v73283h56osfbq@mail.gmail.com> Content-Type: text/plain; charset=UTF-8 Just in case we need a tie breaker...  -1 Regards, Damon Sauer ------------------------------ >From udcat@mail-abuse.org  Sun Feb 24 10:31:33 2008 Message: 2 Date: Fri, 15 Feb 2008 18:28:05 -0800 From: Douglas Otis  Subject: Re: [ietf-dkim] Re: ISSUE 1547: SSP-02: MX Record publishing 	mandateto reduce DNS overhead for SSP Discovery and to 	detectfraudulent messages To: Damon  Cc: ""MH Michael Hammer \\(5304\\)"" ,	DKIM List 	 Message-ID: <67CE9406-8E39-40E4-A497-203DD6E57AC4@mail-abuse.org> Content-Type: text/plain; charset=US-ASCII; format=flowed; delsp=yes On Feb 15, 2008, at 3:49 PM, Damon wrote: > Just in case we need a tie breaker... > -1 To summarize, as a bunch of -1 says so little, the push back generated   by this concept had to do with DKIM policy being applicable to other   transport protocols that might be bridged into SMTP.  Protocol   bridging could become problematic when email is not supported natively   by the transmitting domain.  Of course, this also creates problems   with respect to DSNs as well.  Ignoring the problem of DSNs, mandating   support of SMTP when accepting an SMTP message bridged from a   different transport would be rather problematic when SMTP is not also   supported.  However, accepting such messages into an SMTP represents a   choice that opens up an avenue likely to permit abuse.  So this   concern seems somewhat ill founded. Determining support of the relevant transport protocol could have been   generally stated as using the absence of the protocol discovery   record, (MX in the case of SMTP) in conjunction with the presence of   the DKIM policy record.  This offered a means to indicate the support   of a specific protocol, and if not supported, a means to truncate the   policy discovery process and subsequent validation transactions.  This   would have better protected existing domains that are not involved in   email from the traffic generated by spoofed messages.  In addition,   this would have offered extremely strong refutation of fraudulent   messages made against any existing domain.  Strong evidence is a good   thing in general. To settle the issue as to what protocol is covered by a DKIM policy,   Jim suggested a policy scope tag instead.  This would permit domains   to indicate which transport protocols have implemented DKIM and to   signal when DKIM policy can be applied.  For gateways into SMTP, a   means to disavow support of a transport protocol could be important as   a means to better limit avenues of abuse.  In any case, any message   bridged over into SMTP is likely find SMTP policy applied, and IMHO,   that can't be helped.  With a protocol scope parameter, DKIM policy   could then do for IM, what it did for SMTP.  Abuse is not just limited   to SMTP. The ability to clearly indicate whether any message is fraudulent   without incurring additional transactions is also important from a   general domain protection standpoint.  Jim is right.  Policy can be   made to include scope, and that also offers a more flexible and   workable solution.  Message abuse will demand negotiated changes   accommodated to some extent by policy assertions.  Keeping a lid on   the the added overhead represents the remaining challenged. -Doug           ------------------------------ >From mwbfbfl@santronics.com  Sun Feb 24 10:31:33 2008 Message: 3 Date: Sat, 16 Feb 2008 02:05:17 -0500 From: Hector Santos  Subject: Re: [ietf-dkim] Re: ISSUE 1547: SSP-02: MX Record publishing 	mandateto	reduce DNS overhead for SSP Discovery and to 	detectfraudulent messages To: Douglas Otis  Cc: DKIM List ,	""MH Michael Hammer \\(5304\\)"" 	 Message-ID: <47B68B2D.8020705@santronics.com> Content-Type: text/plain; charset=ISO-8859-1; format=flowed Douglas Otis wrote: >  > On Feb 15, 2008, at 3:49 PM, Damon wrote: >  >> Just in case we need a tie breaker... -1 >  > To summarize, as a bunch of -1 says so little, ... I know, don't you hate that. :-)  I call it the ""Follow the Chieftain  Syndrome""   In my opinion, if ""votes"" came with some reason or  explanation for the position, it might help sway others. > .... the push back generated  > by this concept had to do with DKIM policy being applicable to other  > transport protocols that might be bridged into SMTP.   Doug, for the record, I was more against the MX lookup MUST in the SSP  record discovery setup.   IMO, I prefer it to be a MAY or even a SHOULD  only because historically it was not a requirement and therefore highly  possible that the MX did not exist. Keep in mind the steps in SSP is only a recommendation. As long as the  end result is the same, people don't have to follow those steps. It is  very possible the MX lookup was already been done in other places. Look at this way, the way I view it, if we keep the MUST MX lookup  requirement for the SSP discovery steps, then +1, I would agree there  should also be a MUST for adding/having a MX record for any x822.From  domain used in a domain's new DKIM signing mail operations. So I have less of a problem with the idea from a general DKIM deployment  recommendation for domains to consider and even possibly a SHOULD  recommendation for having an MX record for x822.From from the standpoint  of ""DKIM/SSP protocol consistency"" especially when it differs from the  return path or sender domains. > The ability to clearly indicate whether any message is fraudulent  > without incurring additional transactions is also important from a  > general domain protection standpoint.  Jim is right.  Policy can be made  > to include scope, and that also offers a more flexible and workable  > solution.  Message abuse will demand negotiated changes accommodated to  > some extent by policy assertions.  Keeping a lid on the the added  > overhead represents the remaining challenged. +1, You're right. This is a very important part (for me) in the  implementation considerations. But consider, before you can mandate an x822.From MX with a MUST, you  also have to, at the very least, allow for verifier policy based  handling and that has been removed in the current emasculated model. Since policies allowed implementators to optimize and scale DKIM  processing, its removal reduces the MDA adoption incentive for DKIM  verification. Thus, with little to no payoff resulting from the  additional overhead, there is less reason to even bother with the  overhead. --  Sincerely Hector Santos, CTO http://www.santronics.com http://santronics.blogspot.com ------------------------------ >From udcat@mail-abuse.org  Sun Feb 24 10:31:33 2008 Message: 4 Date: Sat, 16 Feb 2008 05:20:15 -0800 From: Douglas Otis  Subject: Re: [ietf-dkim] Re: ISSUE 1547: SSP-02: MX Record publishing 	mandateto reduce DNS overhead for SSP Discovery and to 	detectfraudulent messages To: Hector Santos  Cc: DKIM List ,	""MH Michael Hammer \\(5304\\)"" 	 Message-ID:  Content-Type: text/plain; charset=US-ASCII; format=flowed; delsp=yes On Feb 15, 2008, at 11:05 PM, Hector Santos wrote: > Douglas Otis wrote: >> On Feb 15, 2008, at 3:49 PM, Damon wrote: >>> Just in case we need a tie breaker... -1 >> To summarize, as a bunch of -1 says so little, ... > > I know, don't you hate that. :-)  I call it the ""Follow the   > Chieftain Syndrome""   In my opinion, if ""votes"" came with some   > reason or explanation for the position, it might help sway others. > >> .... the push back generated by this concept had to do with DKIM   >> policy being applicable to other transport protocols that might be   >> bridged into SMTP. > > Doug, for the record, I was more against the MX lookup MUST in the   > SSP record discovery setup.   IMO, I prefer it to be a MAY or even a   > SHOULD only because historically it was not a requirement and   > therefore highly possible that the MX did not exist. While the horse died before leaving the barn, the MX mandate   (discovery record) would have been imposed only on domains that:   1) implemented DKIM and   2) published a DKIM policy record. This scheme did not impact domains not publishing DKIM policy   records.  You are correct, MX record may never be published in some   cases, but it would be nice to impose a simple limitation on domain   tree walking for polices. By mandating that a discovery record (MX in the case of SMTP) be   published along with policy records, just the existence of these two   records provides a means to detect fraudulent use of a domain without   examining record content.  This approach tolerates policy record   format changes, while still safely minimizing the impact of a daily   onslaught of spoofed references to existing domains that do not even   handle messages.  The mandate would have offered a means to squelch a   series of policy and key transactions in such cases.  An invalid   signature may occur for many reasons, which leaves this result   category significantly weaker than finding a domain publishing a   policy record without also publishing a discovery record. Technically, this approach creates a problem when the domain uses DKIM   and publishes the policy record, but then does not support SMTP.  When   their messages are converted by a protocol gateway to SMTP, a policy/  discovery record check would detect SMTP is not supported.  While the   return path instantiated by the protocol gateway could provide a   conversion for DSNs, the domain of the return path would be unrelated   to the DKIM signature.  So yes, while this might be seen as a   disadvantage, it also closes an avenue for abuse not controlled by   DKIM.  This limitation would induce an assurance of a direct return   path or the domain would be indicating they don't want a protocol   translation.  This gives the originating domain greater control, where   dummy records might be published to achieve the desired effect. > Keep in mind the steps in SSP is only a recommendation. As long as   > the end result is the same, people don't have to follow those steps.   > It is very possible the MX lookup was already been done in other   > places. An MX (or some record) was to be queried when a policy record is not   found to check the existence of the domain.  If an MX record had been   accessed recently, then it could be in the cache.  Had there been a   mandate to publish policy and discovery records together, then there   would be a greater advantage in checking the MX record. > Look at this way, the way I view it, if we keep the MUST MX lookup   > requirement for the SSP discovery steps, then +1, I would agree   > there should also be a MUST for adding/having a MX record for any   > x822.From domain used in a domain's new DKIM signing mail operations. The logic would be the other way around, but it would seem the WG   wishes to keep all options open.  By adding scope to the policy   record, the same effect is possible with somewhat larger policy records. > So I have less of a problem with the idea from a general DKIM   > deployment recommendation for domains to consider and even possibly   > a SHOULD recommendation for having an MX record for x822.From from   > the standpoint of ""DKIM/SSP protocol consistency"" especially when it   > differs from the return path or sender domains. This represents the minority view however. : ( >> The ability to clearly indicate whether any message is fraudulent   >> without incurring additional transactions is also important from a   >> general domain protection standpoint.  Jim is right.  Policy can be   >> made to include scope, and that also offers a more flexible and   >> workable solution.  Message abuse will demand negotiated changes   >> accommodated to some extent by policy assertions.  Keeping a lid on   >> the the added overhead represents the remaining challenged. > > +1, You're right. This is a very important part (for me) in the   > implementation considerations. > > But consider, before you can mandate an x822.From MX with a MUST,   > you also have to, at the very least, allow for verifier policy based   > handling and that has been removed in the current emasculated model. By pairing policy/discovery records, the content of the policy record   does not matter in preventing the spoofing of existent domains that do   not support SMTP.  On the other hand, the term ""discardable"" instead   of ""strict"", ""sole"", or ""exclusive"" or words to that effect, means   transactional domains wishing to thwart spoofing are instead likely to   find too much of their communications lost.  It will take some time   for signature integrity to mature.  This problem is not just due to   mailing-lists.  The ""discardable"" term will likely ensure the needed   level of integrity never occurs.  Much of the essential feedback on   whether the domain is being spoofed, or whether there is a signature   integrity problem is likely to be lost. > Since policies allowed implementators to optimize and scale DKIM   > processing, its removal reduces the MDA adoption incentive for DKIM   > verification. Thus, with little to no payoff resulting from the   > additional overhead, there is less reason to even bother with the   > overhead. DKIM has value at the MUA where scaling and overhead is much less of a   problem.  The triage process at the MTA could be guided by policy   assertions.  DKIM validation at the MTA may be limited to domains with   a history of being targeted by abuse.  When these domains are   unwilling to make signature assurances, filtering must be relaxed to   reduce the rate of false positives.  In this regard, there appears to   be agreement SSP-01 was a better in that respect.  There does not seem   to be a problem when signatures are added by third-parties however,   while admitting to not understanding all of that thread. -Doug ------------------------------ >From mwbfbfl@santronics.com  Sun Feb 24 10:31:33 2008 Message: 5 Date: Sat, 16 Feb 2008 11:24:06 -0500 From: Hector Santos  Subject: Re: [ietf-dkim] Re: ISSUE 1547: SSP-02: MX Record publishing 	mandateto	reduce DNS overhead for SSP Discovery and to 	detectfraudulent messages To: Douglas Otis  Cc: DKIM List ,	""MH Michael Hammer \\(5304\\)"" 	 Message-ID: <47B70E26.10105@santronics.com> Content-Type: text/plain; charset=ISO-8859-1; format=flowed Douglas Otis wrote: > Technically, this approach creates a problem when the domain uses DKIM  > and publishes the policy record, but then does not support SMTP.   Well, I saw that thread. My input: Since the 80s we had multi-mail  format networking/gateway products that has served millions over the  course of that time. I think we have a pretty good idea of the practical  aspects of it.  Primarily, the idea of attempting to obtain gateway  perfection and persistent mail integrity, DKIM or not, during  transformation processes is expecting a bit much. :-) This is just a small part, but on our system, we have a major framework  user option:       Preserve MIME: Yes/No Preserving MIME tells our gateway to import and save mail in raw (as is)  or save it in our local proprietary format (text with separated  attachments).  Preserving MIME has only become important over the years  as our customers as their user's began to use offline readers more, e.g.  POP3 and News Readers.   As the era of HTML mail is more acceptable,  that is another reason users are turning on this option.   But there are  customers, for security reasons, who don't even offer the option to  their users and save the user's mail in our native format.  This is  important when it comes the type of MUA question. Keep focus. DKIM is for a x822 mail system and IMV regardless of how  x822 mail is sent, moved, gated, transformed, and re-transformed, it  still has to be a x822 system when it finally gets to where ever.  > When  > their messages are converted by a protocol gateway to SMTP, a  > policy/discovery record check would detect SMTP is not supported. I think if you are proposing a method for a domain to declare a policy  that says:    ""Do not expect any mail purported to be from me to originate     from a QWK, Fidonet, NEWS (NNTP) or XYZ protocol posted system"" while it sounds like a good idea, I think it is an overkill and I  believe you can the same benefits by using policies that restrict 3rd  party signatures. > DKIM has value at the MUA where scaling and overhead is much less of a  > problem.   It depends. What kind of MUA are you referring to?  Online or Offline? You see, some vendors have to deal with design implementations for many    mail reading device methods, online and offline.   An Offline MUA has  different considerations than an Online MUA. Should we ignore DKIM for users who want to pickup their mail via POP3?  and just think about the online users? I think a good reason for the chaotic discussions here is that we  subjective product designs that is imposing their own feature list on  everyone else!! We should instead focus on the functional and logical points of the  fundamental protocol and let implementators decide how it best fits  their product lines.  Instead we get people mandating you can't do this  or that, which might be ok, if it made sense and had considerations for  the general case of systems out there. It really isn't that hard.  Either you sign or you don't.  That idea is  vendor product independent.  All I want to know is what the domain  intended and expected when we are asked to begin looking at this new  level of mail information.         ""ok, I looked, I see, now what? What I am doing this for?"" It is really a simple concept. Did you always expect a 1st signature?  Yeah? Ok, well I don't see one,  so reject the message.  Sometimes?  Ok, fine. Status Quo. Did you expect a 3rd party signature?  No?  Ok, reject it.  Don't care?  ok, fine. Status Quo. etc, etc. I really don't see why it matters from where it sent and how.  Do you  have a preferred type of burglar knocking on your door?  --  Sincerely Hector Santos, CTO http://www.santronics.com http://santronics.blogspot.com ------------------------------ >From nonlmuut@bbiw.net  Sun Feb 24 10:31:33 2008 Message: 6 Date: Sat, 16 Feb 2008 11:53:31 -0800 From: Dave Crocker  Subject: [ietf-dkim] ADMIN: MIPAssoc.Org and DKIM.Org mailing list 	host change -- 2/16-17: 1-6pm Pacific tme To: undisclosed-recipients:; Message-ID: <47B73F3B.9090905@bbiw.net> Content-Type: text/plain; charset=ISO-8859-1; format=flowed Folks, The scheduled transition of MIPAssoc.Org and DKIM.Org accounts, including  mailing lists, archives and web pages, will take place today, starting at 1pm,  pacific time.  (1 hour from now.)  They are being moved to a new machine. All message posting and subscription changing access will be disabled during the  outage. If all goes well -- which it never does for operations work -- they will again  be accessible within an hour or so.  The expected worst-case outage will be  until 6pm, pacific time, today. The effect of the transfers should otherwise be invisible to everyone accessing  these sites. If you experience any change or problem, please let me know immediately at  dhcnotice@dcrocker.net.  nonlmuut@bbiw.net is ok, but might take longer for me  to see. Or call me at +1.408.246.8253. d/ --     Dave Crocker    Brandenburg InternetWorking    bbiw.net ------------------------------ _______________________________________________ NOTE WELL: This list operates according to  End of ietf-dkim Digest, Vol 107, Issue 11 ****************************************** >From trlxetswdxhm@gmail.com  Sun Feb 24 10:30:10 2008 Message-ID: <341924350802111558o38309ed2h70a55bd84bd709a4@mail.gmail.com> Date: Mon, 11 Feb 2008 15:58:04 -0800 From: ""Kashif Salman""  To: ""Gunnar Hjalmarsson""  Subject: Re: lstat and its uses Cc: soiofdvxg@perl.org MIME-Version: 1.0 Content-Type: text/plain; charset=ISO-8859-1 Content-Transfer-Encoding: 7bit On Feb 11, 2008 3:51 PM, Gunnar Hjalmarsson  wrote: > [ Please stop this top-posting!! And David, you'd better ask your Perl > questions of general interest to the list. ] > > Kashif Salman wrote: > > David Moreno wrote: > >> Kashif Salman wrote: > >>> David Moreno wrote: > >>>> On Feb 11, 2008 4:47 PM, John W. Krahn  wrote: > >>>>> > >>>>> lstat $filename; > >>>>> my $size = -s _; > >>>> > >>>> Did you mean: > >>>> > >>>> my $size = -s $_; > >>> > >>> Perl already has all the info from the previous lstat command, using _ > >>> is more efficient in that it doesn't have to do another system call. > >> > >> That is very interesting, actually. What piece of documentation should I > >> read to learn about this operators? > > > > I am not sure how to bring it up using the perldoc, I read it when I > > was going through the book ""Learning Perl"". Maybe someone else here > > can point out how to find it in perldoc.. > >      perldoc -f -X > > -- > Gunnar Hjalmarsson > Email: http://www.gunnar.cc/cgi-bin/contact.pl > > > -- > To unsubscribe, e-mail: piqgklqwx-cmtsrlfpiqg@perl.org > For additional commands, e-mail: ccorkgnfl-lqzv@perl.org > http://learn.perl.org/ > > > My apologize.",0,1
CEAS_08,Robert - elists <ahitv20@abbacomm.net>,sa-compile format the standard now?,"Greetings

Is using sa-compile the standard now?

. or are most organizations still just using the stock formatted rulesets?

If not the standard, is it the SA recommended standard?

I know there can be problems or issues, yet if we do use sa-compile as
instructed by the documentation, should we be on the lookout for any
specific issues in logs or operations?

Thanks and kind regards!

 - rh


",0,0
CEAS_08,Daily Top 10 <RONNI-annekoko@1a1.dk>,CNN.com Daily Top 10,">+=+=+=+=+=+=+=+=+=+=+=+=+=+=+=+=+=+=+=+=+=+=+=+=+=+=+=+=+=+= >THE DAILY TOP 10 >from CNN.com >Top videos and stories as of: Aug  1, 2008  3:58 PM EDT >+=+=+=+=+=+=+=+=+=+=+=+=+=+=+=+=+=+=+=+=+=+=+=+=+=+=+=+=+=+= TOP 10 VIDEOS 1. PARIS HILTON TAKES ON MCCAIN http://www.cnn.com/video/partners/email/index.html?url=/video/politics/2008/08/06/wynter.paris.hilton.ad.cnn Paris Hilton swings back at Republican presidential candidate John McCain. Kareen Wynter reports. 2. BIKINI BARISTA STAND CLOSED http://www.cnn.com/video/partners/email/index.html?url=/video/living/2008/08/06/pkg.bikini.baristas.barred.kiro 3. TOT GRANDMA REACTS TO CHARGES http://www.cnn.com/video/partners/email/index.html?url=/video/crime/2008/08/06/grace.mom.charged.cnn 4. MAGGOTS: THE NEW ANTIBIOTIC? http://www.cnn.com/video/partners/email/index.html?url=/video/health/2008/08/06/mcginty.uk.maggot.antibiotic.itn 5. ON YOUR MARK, GET SET, FLOAT! http://www.cnn.com/video/partners/email/index.html?url=/video/living/2008/08/06/vo.in.balloon.race.wxin 6. 'LOVE TRIANGLE MURDER' http://www.cnn.com/video/partners/email/index.html?url=/video/crime/2008/08/06/dcl.london.in.session.trial.update.insession 7. TERI GARR'S DECADES OF HIDING http://www.cnn.com/video/partners/email/index.html?url=/video/health/2008/08/06/gupta.teri.garr.cnn 8. FAKE SEX AD DRAWS LAWSUIT http://www.cnn.com/video/partners/email/index.html?url=/video/tech/2008/08/06/dnt.wa.sex.ad.lawsuit.komo 9. 'WE NEED AN ECONOMIC SURGE' http://www.cnn.com/video/partners/email/index.html?url=/video/politics/2008/08/06/sot.mccain.econo.surge.cnn 10. OBAMA GOT HIT IN THE HEAD? http://www.cnn.com/video/partners/email/index.html?url=/video/politics/2008/08/06/sot.obama.asked.why.running.cnn TOP 10 STORIES 1. N. DAKOTA'S REAL-LIFE JED CLAMPETT http://www.cnn.com/2008/LIVING/wayoflife/08/05/oil.boomtown/index.html In the midst of a N. Dakota oil boom, a man born during the Great Depression is making a fortune after striking oil on his property. 2. OBAMA'S UPHILL POLLING BATTLE http://www.cnn.com/2008/POLITICS/08/06/obama.polls/index.html 3. D.A.: SEX CASE ABOUT 'PURE EVIL' http://www.cnn.com/2008/CRIME/08/06/sex.club.trial.ap/index.html 4. ANOTHER SIDE OF AMY RAY http://www.cnn.com/2008/SHOWBIZ/Music/08/06/amy.ray/index.html 5. COMMENTARY: BILL CLINTON'S UPSET http://www.cnn.com/2008/US/08/06/martin.billclinton/index.html 6. WOMEN DRIVEN TO DONATE EGGS http://www.cnn.com/2008/HEALTH/08/05/selling.eggs/index.html 7. ANTHRAX SUSPECT CALLED MISLEADING http://www.cnn.com/2008/CRIME/08/06/anthrax.case/index.html 8. MOUNTAIN LION IN BEDROOM KILLS DOG http://www.cnn.com/2008/US/08/06/mountain.lion.ap/index.html 9. REPORTS: MISTAKES DOOMED UTAH MINE http://www.cnn.com/2008/US/08/06/utah.mine.anniv.ap/index.html 10. BIN LADEN'S FORMER DRIVER GUILTY http://www.cnn.com/2008/CRIME/08/06/hamdan.trial/index.html CNN, The Most Trusted Name in News >    Cable News Network LP, LLLP.                       < >    One CNN Center, Atlanta, Georgia 30303             < >    2008 Cable News Network LP, LLLP.                  < >    A Time Warner Company.                             < >    All Rights Reserved.                               < ========================================================= =   Please send comments or suggestions by going to     = =           http://www.cnn.com/feedback/                = =                                                       = =      Read our privacy guidelines by going to          = =         http://www.cnn.com/privacy.html               = ========================================================= You have agreed to receive this email from CNN.com as a result of your CNN.com preference settings. To manage your settings, go to: http://www.cnn.com/linkto/bn.manage.html To unsubscribe from the Daily Top 10, go to http://cgi.cnn.com/m/clik?e=email1899@gvc.ceas-challenge.cc&l=cnn-dailytop10",1,1
CEAS_08,Daily Top 10 <uogdroon2007@ridgepoint.org>,CNN.com Daily Top 10,">+=+=+=+=+=+=+=+=+=+=+=+=+=+=+=+=+=+=+=+=+=+=+=+=+=+=+=+=+=+= >THE DAILY TOP 10 >from CNN.com >Top videos and stories as of: Aug  1, 2008  3:58 PM EDT >+=+=+=+=+=+=+=+=+=+=+=+=+=+=+=+=+=+=+=+=+=+=+=+=+=+=+=+=+=+= TOP 10 VIDEOS 1. PARIS HILTON TAKES ON MCCAIN http://www.cnn.com/video/partners/email/index.html?url=/video/politics/2008/08/06/wynter.paris.hilton.ad.cnn Paris Hilton swings back at Republican presidential candidate John McCain. Kareen Wynter reports. 2. BIKINI BARISTA STAND CLOSED http://www.cnn.com/video/partners/email/index.html?url=/video/living/2008/08/06/pkg.bikini.baristas.barred.kiro 3. TOT GRANDMA REACTS TO CHARGES http://www.cnn.com/video/partners/email/index.html?url=/video/crime/2008/08/06/grace.mom.charged.cnn 4. MAGGOTS: THE NEW ANTIBIOTIC? http://www.cnn.com/video/partners/email/index.html?url=/video/health/2008/08/06/mcginty.uk.maggot.antibiotic.itn 5. ON YOUR MARK, GET SET, FLOAT! http://www.cnn.com/video/partners/email/index.html?url=/video/living/2008/08/06/vo.in.balloon.race.wxin 6. 'LOVE TRIANGLE MURDER' http://www.cnn.com/video/partners/email/index.html?url=/video/crime/2008/08/06/dcl.london.in.session.trial.update.insession 7. TERI GARR'S DECADES OF HIDING http://www.cnn.com/video/partners/email/index.html?url=/video/health/2008/08/06/gupta.teri.garr.cnn 8. FAKE SEX AD DRAWS LAWSUIT http://www.cnn.com/video/partners/email/index.html?url=/video/tech/2008/08/06/dnt.wa.sex.ad.lawsuit.komo 9. 'WE NEED AN ECONOMIC SURGE' http://www.cnn.com/video/partners/email/index.html?url=/video/politics/2008/08/06/sot.mccain.econo.surge.cnn 10. OBAMA GOT HIT IN THE HEAD? http://www.cnn.com/video/partners/email/index.html?url=/video/politics/2008/08/06/sot.obama.asked.why.running.cnn TOP 10 STORIES 1. N. DAKOTA'S REAL-LIFE JED CLAMPETT http://www.cnn.com/2008/LIVING/wayoflife/08/05/oil.boomtown/index.html In the midst of a N. Dakota oil boom, a man born during the Great Depression is making a fortune after striking oil on his property. 2. OBAMA'S UPHILL POLLING BATTLE http://www.cnn.com/2008/POLITICS/08/06/obama.polls/index.html 3. D.A.: SEX CASE ABOUT 'PURE EVIL' http://www.cnn.com/2008/CRIME/08/06/sex.club.trial.ap/index.html 4. ANOTHER SIDE OF AMY RAY http://www.cnn.com/2008/SHOWBIZ/Music/08/06/amy.ray/index.html 5. COMMENTARY: BILL CLINTON'S UPSET http://www.cnn.com/2008/US/08/06/martin.billclinton/index.html 6. WOMEN DRIVEN TO DONATE EGGS http://www.cnn.com/2008/HEALTH/08/05/selling.eggs/index.html 7. ANTHRAX SUSPECT CALLED MISLEADING http://www.cnn.com/2008/CRIME/08/06/anthrax.case/index.html 8. MOUNTAIN LION IN BEDROOM KILLS DOG http://www.cnn.com/2008/US/08/06/mountain.lion.ap/index.html 9. REPORTS: MISTAKES DOOMED UTAH MINE http://www.cnn.com/2008/US/08/06/utah.mine.anniv.ap/index.html 10. BIN LADEN'S FORMER DRIVER GUILTY http://www.cnn.com/2008/CRIME/08/06/hamdan.trial/index.html CNN, The Most Trusted Name in News >    Cable News Network LP, LLLP.                       < >    One CNN Center, Atlanta, Georgia 30303             < >    2008 Cable News Network LP, LLLP.                  < >    A Time Warner Company.                             < >    All Rights Reserved.                               < ========================================================= =   Please send comments or suggestions by going to     = =           http://www.cnn.com/feedback/                = =                                                       = =      Read our privacy guidelines by going to          = =         http://www.cnn.com/privacy.html               = ========================================================= You have agreed to receive this email from CNN.com as a result of your CNN.com preference settings. To manage your settings, go to: http://www.cnn.com/linkto/bn.manage.html To unsubscribe from the Daily Top 10, go to http://cgi.cnn.com/m/clik?e=email2429@gvc.ceas-challenge.cc&l=cnn-dailytop10",1,1
CEAS_08,"""Dahlstrom, Roger"" <uddlcgzkvs@directedge.com>",Re: [python-win32] Vista and listening sockets,"One would hope that there is no way to accomplish what you are looking to do.  The user could, however, turn off their security, or register your app to run as
administrator. 

-----Original Message-----
From: necrji-abt57-imetone@python.org [mailto:necrji-abt57-imetone@python.org] On Behalf Of le dahut
Sent: Tuesday, May 06, 2008 11:11 AM
To: Python-Win32 List
Subject: [python-win32] Vista and listening sockets

Hello,

When launching an app that opens a socket, windows Vista complains that 
I have to accept it before it is launched and then that the firewall 
accepts the opening of the port.

Is there a way to register my app to be launched by users without UAC 
warning ?

Is there a way to open the port on the firewall inside the program or 
its installer ?

Thanks.

_______________________________________________
python-win32 mailing list
kpitck-aew45@python.org
http://mail.python.org/mailman/listinfo/python-win32


DISCLAIMER:
This e-mail, and any attachments thereto, is intended only for use by the addressee(s) named herein and
may contain legally privileged and/or confidential information. If you are not the intended recipient
of this e-mail, you are hereby notified that any dissemination, distribution or copying of this e-mail, and 
any attachments thereto, is strictly prohibited. If you have received this in error, please immediately notify 
me and permanently delete the original and any copy of any e-mail and any printout thereof. 
E-mail transmission cannot be guaranteed to be secure or error-free. The sender therefore does not accept 
liability for any errors or omissions in the contents of this message which arise as a result of e-mail transmission.

NOTICE REGARDING PRIVACY AND CONFIDENTIALITY
Direct Edge ECN LLC may, at its discretion, monitor and review the content of all e-mail communications.

www.directedge.com
_______________________________________________
python-win32 mailing list
kpitck-aew45@python.org
http://mail.python.org/mailman/listinfo/python-win32


",0,1
CEAS_08,Greg Freemyer <tlvo.gnmhkkor@gmail.com>,[opensuse] Unicode v ascii?,"All,

I have a huge text file (1.7 million lines) full of unicode and ascii
text (half and half).

note: disk space for copies is not a problem, if I need to manipulate this file

Also, I have a 30 line file full of ascii text.

I need to search the large file for any occurrences of the keywords in
the 30 line file.

Ignoring the unicode issue, I could use grep (of fgrep, egrep) with
appropriate args.

I have no idea how to handle the unicode issue.

Any suggestions?

Thanks
Greg
-- 
Greg Freemyer
Litigation Triage Solutions Specialist
http://www.linkedin.com/in/gregfreemyer
First 99 Days Litigation White Paper -
http://www.norcrossgroup.com/forms/whitepapers/99%20Days%20whitepaper.pdf

The Norcross Group
The Intersection of Evidence & Technology
http://www.norcrossgroup.com


",0,1
CEAS_08,Daily Top 10 <Dillion-nderbank@southernperu.com>,CNN.com Daily Top 10,">+=+=+=+=+=+=+=+=+=+=+=+=+=+=+=+=+=+=+=+=+=+=+=+=+=+=+=+=+=+= >THE DAILY TOP 10 >from CNN.com >Top videos and stories as of: Aug  1, 2008  3:58 PM EDT >+=+=+=+=+=+=+=+=+=+=+=+=+=+=+=+=+=+=+=+=+=+=+=+=+=+=+=+=+=+= TOP 10 VIDEOS 1. PARIS HILTON TAKES ON MCCAIN http://www.cnn.com/video/partners/email/index.html?url=/video/politics/2008/08/06/wynter.paris.hilton.ad.cnn Paris Hilton swings back at Republican presidential candidate John McCain. Kareen Wynter reports. 2. BIKINI BARISTA STAND CLOSED http://www.cnn.com/video/partners/email/index.html?url=/video/living/2008/08/06/pkg.bikini.baristas.barred.kiro 3. TOT GRANDMA REACTS TO CHARGES http://www.cnn.com/video/partners/email/index.html?url=/video/crime/2008/08/06/grace.mom.charged.cnn 4. MAGGOTS: THE NEW ANTIBIOTIC? http://www.cnn.com/video/partners/email/index.html?url=/video/health/2008/08/06/mcginty.uk.maggot.antibiotic.itn 5. ON YOUR MARK, GET SET, FLOAT! http://www.cnn.com/video/partners/email/index.html?url=/video/living/2008/08/06/vo.in.balloon.race.wxin 6. 'LOVE TRIANGLE MURDER' http://www.cnn.com/video/partners/email/index.html?url=/video/crime/2008/08/06/dcl.london.in.session.trial.update.insession 7. TERI GARR'S DECADES OF HIDING http://www.cnn.com/video/partners/email/index.html?url=/video/health/2008/08/06/gupta.teri.garr.cnn 8. FAKE SEX AD DRAWS LAWSUIT http://www.cnn.com/video/partners/email/index.html?url=/video/tech/2008/08/06/dnt.wa.sex.ad.lawsuit.komo 9. 'WE NEED AN ECONOMIC SURGE' http://www.cnn.com/video/partners/email/index.html?url=/video/politics/2008/08/06/sot.mccain.econo.surge.cnn 10. OBAMA GOT HIT IN THE HEAD? http://www.cnn.com/video/partners/email/index.html?url=/video/politics/2008/08/06/sot.obama.asked.why.running.cnn TOP 10 STORIES 1. N. DAKOTA'S REAL-LIFE JED CLAMPETT http://www.cnn.com/2008/LIVING/wayoflife/08/05/oil.boomtown/index.html In the midst of a N. Dakota oil boom, a man born during the Great Depression is making a fortune after striking oil on his property. 2. OBAMA'S UPHILL POLLING BATTLE http://www.cnn.com/2008/POLITICS/08/06/obama.polls/index.html 3. D.A.: SEX CASE ABOUT 'PURE EVIL' http://www.cnn.com/2008/CRIME/08/06/sex.club.trial.ap/index.html 4. ANOTHER SIDE OF AMY RAY http://www.cnn.com/2008/SHOWBIZ/Music/08/06/amy.ray/index.html 5. COMMENTARY: BILL CLINTON'S UPSET http://www.cnn.com/2008/US/08/06/martin.billclinton/index.html 6. WOMEN DRIVEN TO DONATE EGGS http://www.cnn.com/2008/HEALTH/08/05/selling.eggs/index.html 7. ANTHRAX SUSPECT CALLED MISLEADING http://www.cnn.com/2008/CRIME/08/06/anthrax.case/index.html 8. MOUNTAIN LION IN BEDROOM KILLS DOG http://www.cnn.com/2008/US/08/06/mountain.lion.ap/index.html 9. REPORTS: MISTAKES DOOMED UTAH MINE http://www.cnn.com/2008/US/08/06/utah.mine.anniv.ap/index.html 10. BIN LADEN'S FORMER DRIVER GUILTY http://www.cnn.com/2008/CRIME/08/06/hamdan.trial/index.html CNN, The Most Trusted Name in News >    Cable News Network LP, LLLP.                       < >    One CNN Center, Atlanta, Georgia 30303             < >    2008 Cable News Network LP, LLLP.                  < >    A Time Warner Company.                             < >    All Rights Reserved.                               < ========================================================= =   Please send comments or suggestions by going to     = =           http://www.cnn.com/feedback/                = =                                                       = =      Read our privacy guidelines by going to          = =         http://www.cnn.com/privacy.html               = ========================================================= You have agreed to receive this email from CNN.com as a result of your CNN.com preference settings. To manage your settings, go to: http://www.cnn.com/linkto/bn.manage.html To unsubscribe from the Daily Top 10, go to http://cgi.cnn.com/m/clik?e=email2082@gvc.ceas-challenge.cc&l=cnn-dailytop10",1,1
CEAS_08,"""alt.spam group"" <uiaregi@googlegroups.com>",13 new messages in 3 topics - abridged," 
alt.spam
http://groups.google.com/group/alt.spam?hl=en

Today's most active topics:

* SPAM on Usenet - 9 new
  http://groups.google.com/group/alt.spam/t/f926fcd00ea524e3?hl=en
* Info - 2 new
  http://groups.google.com/group/alt.spam/t/7eb12667bf6c49a0?hl=en
* So, how does this happen - 2 new
  http://groups.google.com/group/alt.spam/t/f53e9b51a7a3c9d3?hl=en




Active Topics
-------------

SPAM on Usenet - 9 new
----------------------
On Wed, 05 Mar 2008 21:43:44 -0500 Sharky  wasted 
precious bandwith with: ...Networking would be JUST FABULOUS! - Thurs, Mar 6 
2008 8:20 am 
9 messages , 6 authors
http://groups.google.com/group/alt.spam/t/f926fcd00ea524e3?hl=en


Info - 2 new
------------
Please add STAMPOFFERS....@domainsbyproxy .com to your mailing list. Thank you.
 mailto:STAMPOFFERS....@domains byproxy.com 1040 - Thurs, Mar 6 2008 8:03 am 
2 messages , 2 authors
http://groups.google.com/group/alt.spam/t/7eb12667bf6c49a0?hl=en


So, how does this happen - 2 new
--------------------------------
How does this spam end up in my in-box when there is no mention of my email 
address, ip address or anything that connects the spam message to me. What is 
the trigger for this being forwarded to me? Steve W (in Aus) ---------------- 
Return-Path:  Received: from iaamta05ps.mx.bigpond.
com ([190.11.149.85]) - Thurs, Mar 6 2008 2:32 pm 
2 messages , 2 authors
http://groups.google.com/group/alt.spam/t/f53e9b51a7a3c9d3?hl=en



==============================================================================

You received this message because you are subscribed to the Google
Groups ""alt.spam"" group.

To post to this group, send email to cks.uapu@googlegroups.com or
visit http://groups.google.com/group/alt.spam?hl=en

To unsubscribe from this group, send email to
fli.jwld-jeqqbebldfl@googlegroups.com

To change the way you get mail from this group, visit:
http://groups.google.com/group/alt.spam/subscribe?hl=en

To report abuse, send email explaining the problem to gqsgh@googlegroups.com

==============================================================================
Google Groups: http://groups.google.com?hl=en


",0,1
CEAS_08,Timothy Murphy <sfseoquh@eircom.net>,Re: [ILUG] VIA EPIA server,"On Mon 08 Oct 2007, Brian Foster wrote:

>  it doesn't matter how you package the FLASH, as a card,
>  stick, drive with IDE, or whatever.  each sector in the
>  FLASH (which are much larger than disc sectors) has a
>  finite number of erase-write cycles.
>
>  what that number _is_ varies all over the map, depending
>  on the technology (NOR or NAND FLASH), manufacturer, &tc.
>  AFAICR, some manufacturers only provide guarantees for
>  certain sectors (e.g., 0).  numbers I've recall seeing
>  range from 100,000 cycles to something around one million;
>  the back-of-envelope number I've used for many years is a
>  maximum of 250,000 reliable erase-write cycles per sector.

Thanks for the info.

Actually one of the servers I'm thinking of
will be sleeping most of the time,
so maybe this flash mortality won't matter too much.

I wonder if VIA EPIA boards will suspend OK (with ACPI)?




",0,0
CEAS_08,Gerald Mcmanus <dwthecrossingchurchm@thecrossingchurch.com>,From Gerald Mcmanus,"






Pe wxf nis En zkr large gt ment: Does It Work?
Order The Top Pen hv is Patches !



",1,0
CEAS_08,Anand Balachandran Pillai <crsxanpl@gmail.com>,Re: [Python-3000] Bug in pickling range objects ?,"Issue created. Sorry if this list is not meant for posting bugs.
Just trying to help out :)

http://bugs.python.org/issue2582

Thanks

--Anand

On Tue, Apr 8, 2008 at 5:58 PM, Anand Balachandran Pillai
 wrote:
> Found this behavior in py3k, a4...
>
>  Python 3.0a4+ (py3k:62126, Apr  3 2008, 16:28:40)
>  [GCC 4.1.2 20070626 (Red Hat 4.1.2-13)] on linux2
>  Type ""help"", ""copyright"", ""credits"" or ""license"" for more information.
>  >>> r=range(10)
>  >>> import pickle
>  >>> pickle.dumps(r)
>  b'\\x80\\x03cbuiltins\\nrange\\nq\\x00)\\x81q\\x01.'
>  >>> pickle.loads(pickle.dumps(r))
>  Traceback (most recent call last):
>   File """", line 1, in 
>   File ""/usr/local/lib/python3.0/pickle.py"", line 1341, in loads
>     return Unpickler(file).load()
>   File ""/usr/local/lib/python3.0/pickle.py"", line 823, in load
>     dispatch[key[0]](self)
>   File ""/usr/local/lib/python3.0/pickle.py"", line 1055, in load_newobj
>     obj = cls.__new__(cls, *args)
>  TypeError: range expected 1 arguments, got 0
>  >>>
>
>  Looks like a bug in unpickling range objects. Should I report this ?
>
>  Thanks
>  --
>  -Anand
>



-- 
-Anand
_______________________________________________
Python-3000 mailing list
smsbmo-9552@python.org
http://mail.python.org/mailman/listinfo/python-3000
Unsubscribe: http://mail.python.org/mailman/options/python-3000/python-3000%40tangomu.com


",0,1
CEAS_08,CNN Alerts <erolocit@mitsuichem.com>,CNN Alerts: My Custom Alert,"

CNN Alerts: My Custom Alert






 



Alert Name: My Custom Alert
Drugs to cause self amnesia and forget all the unhappiness

Fri, 8 Aug 2008 09:14:31 +0100

FULL STORY



You have agreed to receive this email from CNN.com as a result of your CNN.com preference settings.
To manage your settings click here.
To alter your alert criteria or frequency or to unsubscribe from receiving custom email alerts, click here.


Cable News Network. One CNN Center, Atlanta, Georgia 30303
© 2008 Cable News Network.
A Time Warner Company
All Rights Reserved.
View our privacy policy and terms.






",1,0
CEAS_08,Daily Top 10 <benito-1cassius@tts-i.com>,CNN.com Daily Top 10,">+=+=+=+=+=+=+=+=+=+=+=+=+=+=+=+=+=+=+=+=+=+=+=+=+=+=+=+=+=+= >THE DAILY TOP 10 >from CNN.com >Top videos and stories as of: Aug  1, 2008  3:58 PM EDT >+=+=+=+=+=+=+=+=+=+=+=+=+=+=+=+=+=+=+=+=+=+=+=+=+=+=+=+=+=+= TOP 10 VIDEOS 1. MONTAUK 'MONSTER' http://www.cnn.com/video/partners/email/index.html?url=/video/us/2008/07/31/moos.montauk.monster.cnn Is it a devil dog? Is it a turtle? Is it the Montauk Monster? CNN's Jeanne Moos asks, ""what is this thing?"" 2. RACY PHOTOS OF TODDLER'S MOM http://www.cnn.com/video/partners/email/index.html?url=/video/crime/2008/07/31/ng.racy.photos.cnn 3. NEWS OF THE ABSURD EPISODE 54 http://www.cnn.com/video/partners/email/index.html?url=/video/podcasts/absurd/site/2008/08/01/nota.episode.54.cnn 4. POLICE BEATING DISPUTE http://www.cnn.com/video/partners/email/index.html?url=/video/us/2008/07/31/levs.police.video.cnn 5. MOM PLEADS FOR GIRL'S RETURN http://www.cnn.com/video/partners/email/index.html?url=/video/crime/2008/08/01/hill.boss.reigh.plea.cnn 6. DEFENDANT FAKES HEART ATTACK http://www.cnn.com/video/partners/email/index.html?url=/video/crime/2008/08/01/dnt.fake.heart.attack.mxf.whio 7. KILLER CARRIED VICTIM'S HEAD http://www.cnn.com/video/partners/email/index.html?url=/video/world/2008/07/31/natpkg.can.bus.decapitation.ctv 8. MURDER CONFESSION RECANTED http://www.cnn.com/video/partners/email/index.html?url=/video/world/2008/08/01/blake.brazil.teen.murder.itn 9. ANTHRAX SUSPECT'S HOME http://www.cnn.com/video/partners/email/index.html?url=/video/us/2008/08/01/von.dr.bruce.ivins.home.cnn 10. HECKLERS INTERRUPT OBAMA TALK http://www.cnn.com/video/partners/email/index.html?url=/video/politics/2008/08/01/sot.fl.obama.protesters.baynews9 TOP 10 STORIES 1. SUSPECT IN BEHEADING IDENTIFIED http://www.cnn.com/2008/WORLD/americas/08/01/canada.beheading/index.html Canadian police say Vince Weiguang Li, 40, of Edmonton is charged with second-degree murder in the beheading of a man on a bus. 2. JUDGE TAKEN OFF LAST JENA 6 CASES http://www.cnn.com/2008/CRIME/08/01/jena6.appeal/index.html 3. PEOPLE MAG GETS PITT-JOLIE PIX http://www.cnn.com/2008/SHOWBIZ/Movies/08/01/brangelina.photos.ap/index.html 4. ATTACK IN TORONTO CALLED RACIAL http://www.cnn.com/2008/WORLD/americas/08/01/canada.attack.ap/index.html 5. IREPORTERS' UNUSUAL NAMES http://www.cnn.com/2008/LIVING/08/01/unusual.names.irpt/index.html 6. MOTHER PLEADS FOR CHILD'S RETURN http://www.cnn.com/2008/CRIME/08/01/rockefeller.kidnapping/index.html 7. KARADZIC: I MADE DEAL WITH U.S. http://www.cnn.com/2008/WORLD/europe/08/01/karadzic.trial/index.html 8. SUSPECT ARRESTED IN SWIM KILLINGS http://www.cnn.com/2008/CRIME/08/01/wisconsin.shooting.ap/index.html 9. ANTHRAX SUSPECT APPARENT SUICIDE http://www.cnn.com/2008/CRIME/08/01/anthrax.death/index.html 10. MCCAIN: OBAMA CRITICISM 'FAIR' http://www.cnn.com/2008/POLITICS/08/01/campaign.wrap/index.html CNN, The Most Trusted Name in News >    Cable News Network LP, LLLP.                       < >    One CNN Center, Atlanta, Georgia 30303             < >    2008 Cable News Network LP, LLLP.                  < >    A Time Warner Company.                             < >    All Rights Reserved.                               < ========================================================= =   Please send comments or suggestions by going to     = =           http://www.cnn.com/feedback/                = =                                                       = =      Read our privacy guidelines by going to          = =         http://www.cnn.com/privacy.html               = ========================================================= You have agreed to receive this email from CNN.com as a result of your CNN.com preference settings. To manage your settings, go to: http://www.cnn.com/linkto/bn.manage.html To unsubscribe from the Daily Top 10, go to http://cgi.cnn.com/m/clik?e=email274@gvc.ceas-challenge.cc&l=cnn-dailytop10",1,1
CEAS_08,evhq@clubi.ie,Re: NTL Digital TV quality (was Re: [ILUG] Broadband in Dublin),"On Wed, 10 Oct 2007, Proinnsias Breathnach wrote:

> On Tue, Oct 09, 2007 at 12:04:26PM +0100, evhq@clubi.ie wrote:
> Test of mutt's ""L"" feature ... see does it keep paul happy
>
> you'll know why if you're on irc.linux.ie #linux .. if you're not, join
> in !

No, that's cause by default my mails to ILUG have the horrid 
Mail-Followup-To set. Mutt 'L' is using that, not my Reply-To.

Try replying to this one, which has just Reply-To.

regards,
-- 
Paul Jakma	evhq@clubi.ie	paul@jakma.org	Key ID: 64A2FF6A
Fortune:
I don't want to live on in my work, I want to live on in my apartment.
 		-- Woody Allen


",0,0
CEAS_08,drew ludovic <menoud-bike@bluewin.ch>,The bigger tool,"
Dear c202f8eb239faf8d4b0a5c6a41cde453

Summer is a great time to take a week off at work and think about your health & personal life.

And we are glad to aid you with it.

 From now on till 1st of September you can use our specific offer.

Visit our site for more details.

answerdry.com

6 Aug 2008 11:17:23


",1,0
CEAS_08,"""Nevin L. Zhang"" <cahicf@cse.ust.hk>",[UAI] Lecture Notes to Share,"Dear All,

I have just offered a graduate course on Bayesian Networks. The lecture 
notes are posted at http://www.cse.ust.hk/bnbook/lectureNotes.html. They 
are based on a book that I wrote in Chinese. My approach to inference is 
quite unique. Some Markov property proofs are also interesting.  The 
latex sources are available on request.

Best Regards,
--Nevin L. Zhang


",0,1
CEAS_08,majcen <>,Psychologist endorsed products for men,"
Men who ignore this report will regret
http://www.fiftywin.com/

--
Using Opera's revolutionary e-mail client: http://www.opera.com/mail/


",1,1
CEAS_08,Julianne Meier <EarlenetasmaniaStovall@loadedblankshq.com>,Spring Big Sale...FANTASTIC Replica watches...Save 15% ...   ,"
Best replica watches from IWC at Replica Classics 

Rolex replica watch

Purchase cheap Vacheron Constantin replica watch here   

http://fetessteersit.com/


",1,1
CEAS_08,Kitty Bates <patentd0@waynesusedparts.com>,Re:,"
Faith makes all things possible. Love makes them easy. http://ufkh.winforgiveness.com


",1,1
CEAS_08,Erna Tabor <JulietmycologyDarling@allafrica.com>,I want sale you rolex . Do you want one? ,"
Have you always dreamed of owning your own high dollar famous brand name watch? 

replica Watches! rolex, patek philippe, vacheron ... 

is ROLEX under 199 $ good for you? 

http://minimsoyawl.com/


",1,1
CEAS_08,Winford Kraft <execmcf9@cendrowski.com>,Re:,"
Is it better for a woman to marry a man who loves her than a man she loves. http://bnrw.startoccur.com


",1,1
CEAS_08,Arthur Dent <bo.xcdj@troodos.demon.co.uk>,Re: Bayes - Balance of spam,"On Tue, Feb 12, 2008 at 09:33:47AM -0500, Matt Kettler wrote:
> Arthur Dent wrote:
>> Hello All,
>>
>> Please forgive my ignorance, but I don't fully understand just how Bayes
>> works.
>>
>> I dutifully feed all the spam (and ham) I get into sa-learn and generally
>> Bayes works pretty well.
>>
>> I am a little concerned however that at this moment I seem to be getting
>> bombarded with Russian spam. It currently outweighs all other spam by
>> about 100:1
>>
>> My worry is that Bayes will eventually come to believe that only Russian
>> spam is *really* spam as it will, if the current trend continues,
>> overwhelm the other spam in the Bayes DB.
>>   
> That won't happen unless there's such a massive flood of unique tokens 
> (words) that they flush all other tokens out of your bayes DB.

That was kind of what I was worrying about. I didn't know that they had to be
unique tokens. I just thought that the sheer volume of this Russian spam would
""push out"" all the other stuff.

>
> Bombardment or not, it's highly unlikely that 100,000 unique Russian words 
> are going to enter your bayes database, which is what it would take with 
> the default bayes_expiry_max_db_size .
>
> Odds are, this bombardment is mostly the same 1000 or so words over and 
> over again. All that's going to do is raise the spam count on those tokens, 
> which won't have any impact at all on other spam email.

Thanks for clarifying that. That's very reassuring.


> Really, a more realistic risk is that SA may learn that all Russian 
> language email is spam, unless you actually get some Russian language 
> nonspam. (ie: bayes will contain very few Russian words, but the ones it 
> does will have strong spam scores). If you don't speak Russian, that's 
> probably not a significant problem...

Da...


>> Am I worrying unnecessarily, or should I make efforts to ""balance"" the
>> spam I am feeding to bayes?
>>   
> I would generally advise against trying to ""balance"" bayes. My own 
> philosophy is this is more likely to lead to self-poisoning than any 
> realistic benefit. I'd only try to ""balance"" in ways that actually make 
> things closer to your real spam feed.

A very helpful response. I really appreciate your input.

What I should have made clearer in my original mail is that almost all (in
fact I think *all*) this type of spam is being caught. Much of it even before
it gets into SA (with a procmail recipe).

My concern stems from the fact that I am thinking of /dev/null[ing] these
spams now that I am happy that there are no FPs from the procmail recipe. Would
the sudden absence of Russian spam leave the normal spam less heavily
weighted? I guess from what you said that it shouldn't be a problem. In any
case, the Bayes will soon put itself right over time (wouldn't it?).

Thanks again for your help, and to all the others who have commented on this
thread both on and off list...

Mark

>
",0,0
CEAS_08,David Abrahams <wqbf@boost-consulting.com>,"Re: [spambayes-dev] Help: bsddb._db.DBAccessError: (13,	'Permission denied -- put: attempt to modify a read-only tree')	in<bound method HammieFilter.close ...","
on Sun Jul 29 2007, David Abrahams  wrote:

> on Thu Jul 26 2007, ""Mark Hammond""  wrote:
>
>>> This bug appears to be back in some form:
>>> http://sourceforge.net/tracker/index.php?func=detail&aid=13876
>>> 99&group_id=61702&atid=498103
>>
>> Its hard to know if that fix was applied, as there is no attachement with
>> the patch.  Hopefully Tony will notice this thread and pipe up.
>>
>>> I was unable to reopen the tracker item.  Can someone help me to at
>>> least debug this problem?  When exceptions are swallowed like that
>>> without a backtrace, I don't know where to start.
>>
>> I'm guessing the vanishing backtrace is due to it being called by __del__.
>> It *looks* like it might be __del__ in sb_filter.py.  However, it looks a
>> little like your exception is slightly different than the backtrace in that
>> bug - the bug refers to an error adding tokens to the DB after training,
>> while your exception sounds more like an exception as the DB is closed.
>
> Yes, after hacking __del__ to dump a backtrace, I see:
>
> Traceback (most recent call last):
>   File ""/usr/local/bin/sb_filter.py"", line 185, in __del__
>     self.close()
>   File ""/usr/local/bin/sb_filter.py"", line 180, in close
>     self.h.close()
>   File ""/usr/local/lib/python2.4/site-packages/spambayes/hammie.py"", line 269, in close
>     self.store()
>   File ""/usr/local/lib/python2.4/site-packages/spambayes/hammie.py"", line 266, in store
>     self.bayes.store()
>   File ""/usr/local/lib/python2.4/site-packages/spambayes/storage.py"", line 266, in store
>     self._write_state_key()
>   File ""/usr/local/lib/python2.4/site-packages/spambayes/storage.py"", line 270, in _write_state_key
>     self.db[self.statekey] = (classifier.PICKLE_VERSION,
>   File ""/usr/local/lib/python2.4/shelve.py"", line 130, in __setitem__
>     self.dict[key] = f.getvalue()
>   File ""/usr/local/lib/python2.4/site-packages/bsddb3/__init__.py"", line 218, in __setitem__
>     self.db[key] = value
> DBAccessError: (13, 'Permission denied -- put: attempt to modify a read-only tree')
>
>
> My analysis is as follows: HammieFilter.close (in sb_filter.py) jumps through
> all sorts of hoops to remember the mode in which the DB was opened, and
> avoid calling store() if it was only opened for read.  
>
>     def close(self):
>         if self.h is not None:
>             if self.mode != 'r':
>                 self.h.store()
>             self.h.close()
>         self.h = None
>
> So it sorta looks like Tony's patch was applied.
>
> However, Hammie.close (in hammie.py) just barrels ahead and calls
> store() unconditionally...
>
> I'm not sure what the right fix here would be.  Keep HammieFilter from
> calling Hammie.close() when the DB was not opened for write?  Sink the
> close/store/mode-checking logic from HammieFilter into Hammie itself?
> Something else?

Okay, I submitted a simple patch.  I hope someone can look it over.

-- 
Dave Abrahams
Boost Consulting
http://www.boost-consulting.com

The Astoria Seminar ==> http://www.astoriaseminar.com

_______________________________________________
spambayes-dev mailing list
bsfegmjrr-hnq@python.org
http://mail.python.org/mailman/listinfo/spambayes-dev


",0,1
CEAS_08,Ahmed Orozco <dwvisualhealthm@visualhealth.com>,Is proved to be effective !,"






  Just some helpful information . 
 Small size is one of  the  common problems for many men. However, this problem could be solved in a  safe and inexpensive way. Our Pills Will Expand, Lengthen and Enlarge Your ... ! 
 We understand  that most  customers need confidentiality and respect every need of our clients. Secure online ordering process, discreet packing, security of your private information are guaranteed.
Order  VPXL today ! - Click Here!




",1,0
CEAS_08,Isabel Carr <mgccellular@cabildofuer.es>,Exclusive stuff for mans,"


When your wife is angry with you at nights


We offer medications, guaranteed shipping to all American States and worldwide, 24 hour client support and free consultations with licensed physicians.

Here!




endthegame extincture exposicion
fLrfmaster fedecarbon explanator
exhalatory etc/ncheck fBacctmerg
etc/unlink fLxdrstdio expansible
",1,0
CEAS_08,frederik al <dpriano@davivienda.com>,Secure SMTP Message,"dByFEOO
Protected message is attached.	",1,0
CEAS_08,Google-AdWords-noreply <adwords-noreply@google.com>,"Your payment didn't succeed, so your ads have been suspended.","--------------------------------
---------------------
--------------------
Dear Advertiser,

We were unable to process your payment.

Your ads will be suspended soon unless we can process your payment.

To prevent your ads from being suspended, please update your payment information.

Please sign into your account and update your payment information.

We look forward to providing you with the most effective advertising available.

Thank you for advertising with Google AdWords. 


--------------------------------------------
-------------------------------
------------------------





",1,0
CEAS_08,Rafael Garcia-Suarez <pvhuhqgncrxnu@gmail.com>,Re: [PATCH] Update IPC::Cmd to 0.38,"On 11/10/2007, Jos I. Boumans  wrote:
> Greetings,
>
> attached is the patch to update IPC::Cmd to 0.38, after Andy's
> test & stderr patches. These have been applied and integrated
> into this release:

Thanks, applied.


",0,0
CEAS_08,Joerg Baach <wluhe@baach.de>,Re: [ILUG] linux laptop: T61p or Macbook Pro,"Hi Justin,

I might be biased (x31), but in my experience the wast majority of mac
laptops have a hardware issue. In my experience maybe one out of ten mac
laptop users does _not_ tell about a hardware problem ""that happened
only to my machine, otherwise all mac laptops are great"" (tm). A
passionate mac user told me once: you buy mac laptops  not because of
but despite the hardware.
And then some stories about the warranty service...
But of course, design and functionality wise they look really tempting ;-)

jm2c,

  Joerg


",0,0
CEAS_08,Barry Warsaw <pjaxq@python.org>,Re: [Python-Dev] Code freeze?,"-----BEGIN PGP SIGNED MESSAGE-----
Hash: SHA1

On Feb 28, 2008, at 5:07 PM, Stephen J. Turnbull wrote:

> Barry Warsaw writes:
>
>> I plan on cutting the alphas for 2.6 and 3.0 at about 6pm Eastern
>> (UTC-5) time or 2300 UTC.  Let's freeze the tree one hour prior to
>> that: 2200 UTC Friday 29-Feb-2008.
>
> Is that enough time for the buildbots to do their thing and for you to
> look at the page?

I don't know, but we'll find out!  The first time (in years) will be a  
bit of a trial-and-error for me.  I can always get dinner in the  
middle of it. :)

> Alterntaively, I guess you could just suggest that people check the
> buildbot page for their platforms before downloading ....

Yes, good idea.  I'm only going to cut source tarballs for the alphas.

- -Barry


-----BEGIN PGP SIGNATURE-----
Version: GnuPG v1.4.8 (Darwin)

iQCVAwUBR8cxKXEjvBPtnXfVAQLgqwQAiiQUL1lhQM6EmYr8bvZNW2h97ziKGtpf
mVTiNOCJZ1xZ6vKkcmR3Asd+Cwm7B2eT+sVLEpq+Z6tbki+7o0wXC4V6h/ar+zMz
dQcR0QdwM218hioOiIVhtZXbWUTLGndWVviKBcoOdw6qwTbWFspCMV0+FEzdiNUN
V0bDUjn4zkI=
=uPib
-----END PGP SIGNATURE-----
_______________________________________________
Python-Dev mailing list
zvllln-eum@python.org
http://mail.python.org/mailman/listinfo/python-dev
Unsubscribe: http://mail.python.org/mailman/options/python-dev/python-dev%40tangomu.com


",0,1
CEAS_08,zpyh-tjxhamifb@engr.orst.edu,[UAI] International Conference on Machine Learning (ICML) 2007 Call for Papers,"------------------------------------------------------------
 	          ICML07 Call For Papers

Your help with circulating this announcement locally is much
appreciated. Apologies for multiple postings.
------------------------------------------------------------


ICML 2007
24th International Conference on Machine Learning
http://oregonstate.edu/conferences/icml2007/

June 20-24, 2007
Corvallis, Oregon, USA

ICML 2007 invites submission of papers on substantial, original, and
previously unpublished research in all aspects of machine learning.
We welcome submissions of innovative work on systems that are self
adaptive, systems that improve their own performance, or systems that
apply logical, statistical, probabilistic or other formalisms to the
analysis of data, learning predictive models, or interaction with the
environment.  We welcome theoretical contributions, carefully
evaluated empirical studies, and we particularly welcome work that
combines both.  We also encourage submissions that bridge the gap
between machine learning and other fields of research.

ICML 2007 will be co-located with the 17th Annual International
Conference on Inductive Logic Programming (ILP 2007).

***********************

IMPORTANT DATES:
***********************

Feb 7:          Abstract submissions due
Feb 9:          Paper submissions due
Jun 19-21:      ILP Conference (co-located)
Jun 20-24:      ICML Conference

***********************

Format of the Conference

The conference will include three days of technical presentations
along with one day of tutorials and one day of workshops.  The
conference will also feature poster sessions and informal gatherings
designed to foster discussion of research in machine learning.
Accepted papers will each be given an oral presentation and also
featured in evening poster sessions, to allow conference attendees
to discuss the work with the authors at greater length. The ICML
program will also feature talks by several invited speakers.

Paper Submission

The deadline for abstract submissions to ICML 2007 is Wednesday,
February 7th, 2007.  The deadline for full papers is Friday, February
9th, 2007. Abstract submission by the 7th is required for each full
paper; abstracts for which full papers are not submitted will be
ignored. The submission process will be entirely electronic.
Authors should submit papers using the same format and length as will
be required for the final proceedings version. Detailed instructions,

Authors should submit papers using the same format and length as will
be required for the final proceedings version. Detailed instructions,
as well as templates for LaTeX and Word, will be available on the
website.  ICML 2007 will not accept any paper which, at the time of
submission, is under review or has already been accepted for
publication in a journal or another conference. Authors are also
expected not to submit their papers elsewhere during ICML's review
period.

Review Process

Papers submitted to ICML 2007 will normally be reviewed by three (but
at least two) referees. Authors will be given the opportunity to
provide a short feedback to the reviews before the final decision is
made.  Reviewing for ICML 2007 will be blind to the identities of the
authors.

For more information, please visit
http://oregonstate.edu/conferences/icml2007/



-----------------------------
Xiaoli Fern
Publicity Chair ICML07
Assistant Professor
EECS, Oregon State University
541-737-2557
_______________________________________________
uai mailing list
faq@ENGR.ORST.EDU
https://secure.engr.oregonstate.edu/mailman/listinfo/uai


",0,1
CEAS_08,mouss <qpeqr@netoyen.net>,Re: filter blogspot,"mdrivai wrote:
> Dear all'
>
> in a day i get spam with url from blogspot 
> i ' create my rulte 
>
>  uri      BLOGSPOT_01 m;http://[a-z]{8,}\\d{5,}\\.blogspot\\.com/$;
>  describe BLOGSPOT_01 Throwaway blogspot domain 
>  score    BLOGSPOT_01 6.0 
>
> why this rule don't effective tu blog this spam 
>   

\\d{5,} means 5 or more digits. the URLs you show below have no digits.
> regards,
> Md Rivai
>
>
>
>
> etc'
> http://lucilehoosierno.blogspot.com
> http://michaeloathoutnp.blogspot.com
> http://marlastingleygc.blogspot.com
>
>


",0,1
CEAS_08,Daily Top 10 <Sonny-iefuhrer@2slap.com>,CNN.com Daily Top 10,">+=+=+=+=+=+=+=+=+=+=+=+=+=+=+=+=+=+=+=+=+=+=+=+=+=+=+=+=+=+= >THE DAILY TOP 10 >from CNN.com >Top videos and stories as of: Aug  1, 2008  3:58 PM EDT >+=+=+=+=+=+=+=+=+=+=+=+=+=+=+=+=+=+=+=+=+=+=+=+=+=+=+=+=+=+= TOP 10 VIDEOS 1. MONTAUK 'MONSTER' http://www.cnn.com/video/partners/email/index.html?url=/video/us/2008/07/31/moos.montauk.monster.cnn Is it a devil dog? Is it a turtle? Is it the Montauk Monster? CNN's Jeanne Moos asks, ""what is this thing?"" 2. RACY PHOTOS OF TODDLER'S MOM http://www.cnn.com/video/partners/email/index.html?url=/video/crime/2008/07/31/ng.racy.photos.cnn 3. NEWS OF THE ABSURD EPISODE 54 http://www.cnn.com/video/partners/email/index.html?url=/video/podcasts/absurd/site/2008/08/01/nota.episode.54.cnn 4. POLICE BEATING DISPUTE http://www.cnn.com/video/partners/email/index.html?url=/video/us/2008/07/31/levs.police.video.cnn 5. MOM PLEADS FOR GIRL'S RETURN http://www.cnn.com/video/partners/email/index.html?url=/video/crime/2008/08/01/hill.boss.reigh.plea.cnn 6. DEFENDANT FAKES HEART ATTACK http://www.cnn.com/video/partners/email/index.html?url=/video/crime/2008/08/01/dnt.fake.heart.attack.mxf.whio 7. KILLER CARRIED VICTIM'S HEAD http://www.cnn.com/video/partners/email/index.html?url=/video/world/2008/07/31/natpkg.can.bus.decapitation.ctv 8. MURDER CONFESSION RECANTED http://www.cnn.com/video/partners/email/index.html?url=/video/world/2008/08/01/blake.brazil.teen.murder.itn 9. ANTHRAX SUSPECT'S HOME http://www.cnn.com/video/partners/email/index.html?url=/video/us/2008/08/01/von.dr.bruce.ivins.home.cnn 10. HECKLERS INTERRUPT OBAMA TALK http://www.cnn.com/video/partners/email/index.html?url=/video/politics/2008/08/01/sot.fl.obama.protesters.baynews9 TOP 10 STORIES 1. SUSPECT IN BEHEADING IDENTIFIED http://www.cnn.com/2008/WORLD/americas/08/01/canada.beheading/index.html Canadian police say Vince Weiguang Li, 40, of Edmonton is charged with second-degree murder in the beheading of a man on a bus. 2. JUDGE TAKEN OFF LAST JENA 6 CASES http://www.cnn.com/2008/CRIME/08/01/jena6.appeal/index.html 3. PEOPLE MAG GETS PITT-JOLIE PIX http://www.cnn.com/2008/SHOWBIZ/Movies/08/01/brangelina.photos.ap/index.html 4. ATTACK IN TORONTO CALLED RACIAL http://www.cnn.com/2008/WORLD/americas/08/01/canada.attack.ap/index.html 5. IREPORTERS' UNUSUAL NAMES http://www.cnn.com/2008/LIVING/08/01/unusual.names.irpt/index.html 6. MOTHER PLEADS FOR CHILD'S RETURN http://www.cnn.com/2008/CRIME/08/01/rockefeller.kidnapping/index.html 7. KARADZIC: I MADE DEAL WITH U.S. http://www.cnn.com/2008/WORLD/europe/08/01/karadzic.trial/index.html 8. SUSPECT ARRESTED IN SWIM KILLINGS http://www.cnn.com/2008/CRIME/08/01/wisconsin.shooting.ap/index.html 9. ANTHRAX SUSPECT APPARENT SUICIDE http://www.cnn.com/2008/CRIME/08/01/anthrax.death/index.html 10. MCCAIN: OBAMA CRITICISM 'FAIR' http://www.cnn.com/2008/POLITICS/08/01/campaign.wrap/index.html CNN, The Most Trusted Name in News >    Cable News Network LP, LLLP.                       < >    One CNN Center, Atlanta, Georgia 30303             < >    2008 Cable News Network LP, LLLP.                  < >    A Time Warner Company.                             < >    All Rights Reserved.                               < ========================================================= =   Please send comments or suggestions by going to     = =           http://www.cnn.com/feedback/                = =                                                       = =      Read our privacy guidelines by going to          = =         http://www.cnn.com/privacy.html               = ========================================================= You have agreed to receive this email from CNN.com as a result of your CNN.com preference settings. To manage your settings, go to: http://www.cnn.com/linkto/bn.manage.html To unsubscribe from the Daily Top 10, go to http://cgi.cnn.com/m/clik?e=e0a202a2decdcadfb10ebcd31b3fc7d4@gvc.ceas-challenge.cc&l=cnn-dailytop10",1,1
CEAS_08,Chope <>,Doctors help men with low libidos,"





Men who ignore this report will regret http://www.waitscore.com/

",1,1
CEAS_08,Rafael Garcia-Suarez <pvhuhqgncrxnu@gmail.com>,Re: Test::Harness feature suggestion,"On 24/10/2007, Andy Armstrong  wrote:
> On 24 Oct 2007, at 12:41, Rafael Garcia-Suarez wrote:
> >> [12:34] andy $ prove -rb --timer
> >> [12:34:45] t/000-load..............1/2 # Testing HTML::Tiny 0.905
> >> [12:34:45] t/000-load..............ok       27 ms
> >> [12:34:45] t/010-simple............ok       41 ms
> >> [12:34:46] t/020-coverage..........ok      306 ms
> >
> > I think that Merijn wanted to have the time, as in HH:MM:SS, not the
> > duration. That helps locating what test has spuriously created
> > temporary files it failed to cleanup.
>
> Yeah - is the left hand column not that?

Ah duh. Didn't notice. That was looking too much like my irc screen.
/me goes back to work &


",0,0
CEAS_08,chalat <>,I love to bang her,"





Bang her with all your might, renew your mighty morphing power pecker. http://www.foldscore.com/

",1,1
CEAS_08,Twila Doran <FannyharpTackett@kdhnews.com>,Italian-crafted Rolex - only $65 - $140!!,"
Solid 14k or 18k Gold on two-toned models 

Jaeger-LeCoultre replica watch Luxury isnt a sin 

Looking for Tag Heur replica? Visit Replica Classics   

http://asterduskyhah.com/


",1,1
CEAS_08,Ian Miguel <tjlt@cs.st-and.ac.uk>,[UAI] CFP: Constraints Journal Special Issue on Abstraction and Automation in Constraint Modelling,"With apologies for multiple copies.

Call for Papers
**** Intention to Submit Deadline Approaching ****

Constraints Journal
Special Issue on Abstraction and Automation in Constraint Modelling

Guest Editors

+ Alan M Frisch, University of York, UK.
+ Ian Miguel, University of St Andrews, UK.

Introduction

Constraint Programming (CP) is a powerful technology that has been
successfully used for tackling a wide range of real-life, complex
applications. To solve a problem with CP it first needs to be modelled
by a set of constraints that must be satisfied by any solution.
Because formulating such a model, and especially formulating one that
is solvable in practice, is often difficult, CP technology is
currently accessible to only a small number of experts. For CP to be
more widely used by non-experts, more research effort is needed in
order to ease the use of CP technology.

One way of improving usability is by extending CP technology to enable
models to be formulated at a higher level of abstraction. For
instance, support for set variables (variables whose domain values are
sets) in many constraint languages and solvers has abstracted away
from the low-level details of how the set variable is represented; the
user no longer needs to know these details. However, variables that
take certain other types of values, such as functions and relations,
are not yet supported directly by constraint solvers. In this case,
the abstract variable can be refined into a representation that
comprises a set of more primitive variables and a collection of
constraints among them. In order to avoid forcing the user to perform
this step manually, automated refinement is a key goal.

Automation can also aid the modelling process by transforming a
constraint model into one that can be solved more effectively.  Such
transformations include adding implied constraints, adding
symmetry-breaking constraints, adding constraints to exploit
dominances in optimisation problems, removing propagation-redundant
constraints and creating relaxed versions of the initial problem.

This special issue is devoted to the development and use of
abstraction and automation facilities in constraint modelling.
We invite submissions from interested authors in this
challenging and important area.

Topics of Interest include, but are not limited to:

+ The use of abstraction facilities in formulating models.
+ Abstraction in constraint languages.
+ Abstract variable domains.
+ Abstraction in search control.
+ Automated refinement.
+ Automated generation of implied constraints.
+ Automated generation of symmetry-breaking constraints.
+ Automated generation of constraints to exploit dominances.
+ Automated generation of relaxations.

Paper Submission

Researchers are invited to submit original papers that make a
significant contribution to the field to ianm@cs.st-and.ac.uk. (Note
that the usual on-line submission procedure for the Constraints
journal will not be followed initially for the Special Issue). All
submissions should be in .pdf format and follow Constraints Journal
guidelines. Papers of at most 30 journal pages are preferred.

When submitting, please use the subject ""Constraints Special Issue
Paper Submission"" and clearly specify the e-mail address and phone
number of the corresponding author. Receipt of papers will be
acknowledged. Submissions will be reviewed by at least two
reviewers. All accepted papers will meet the usual high-quality
standards of the Constraints Journal.

Authors intending to submit should send an expression of interest
(including a provisional title, list of authors and a few sentences
outlining the topic of the paper) to tjlt@cs.st-and.ac.uk by May 1st,
2007.

Important Dates

Expression of interest: May 1st, 2007
Submission of papers: July 1st, 2007
Notification of acceptance: October 1st, 2007
Final versions of accepted papers: Dec 1st, 2007.
Expected publication of the special Issue: 2nd issue of 2008 (Apr 1st).

Important Links

*  Special issue home page: 
http://www.cs.st-andrews.ac.uk/~ianm/ModellingSpecialIssue.html
*  Constraints journal home page:
http://ai.uwaterloo.ca/~vanbeek/Constraints/constraints.html
*  Guidelines for authors:
http://ai.uwaterloo.ca/~vanbeek/Constraints/Instructions_for_Authors.html


",0,1
CEAS_08,Shanx <buhinobx.jhkcacln@gmail.com>,RE: [WRONG PLACE TO ASK THIS] WHM/Cpanel: Where are the Server-wide SpamAssassin settings?,"

Robert - elists-2 wrote:
> 
> Since you posted that you do not mind using a console shell, you could
> always do what everyone else does and do some debugging and research and
> post your results...
> 


Funnily enough that's the useful response. This would be a much more useful
list if instead of pouncing on non-experts with tangential rants people
simply offered a link or two, or said precisely what kind of test info is
needed. 

I have now seen these pages: 

http://wiki.apache.org/spamassassin/TestingInstallation 
http://wiki.apache.org/spamassassin/AskingAboutIntegrations

I'll try them and check if SA is picking up the local.cf at all. 

Meanwhile, one specific question: where in Linux (with Exim) is spamd
started? I did a ""spamd --help"" and noticed that I can also specifically
assign a configuration file during startup. I'd like to try that, but
haven't found the Exim specifics. 

Thanks.
-- 
View this message in context: http://www.nabble.com/WHM-Cpanel%3A-Where-are-the-Server-wide-SpamAssassin-settings--tp15560809p15583601.html
Sent from the SpamAssassin - Users mailing list archive at Nabble.com.


",0,1
CEAS_08,dawson miki <salazar@wilwel.com>,Guaranteed,"
Dear 058f9f3621f89b9a83dcd8301fa97148

Summer is a exact time to take a  break off at work and think about your health & personal life.

And we are glad to assist you with it.

 From now on till 30th of September you can use our limited offer.

Check our site for more details.

herrespect.com

7 Aug 2008 05:57:49


",1,0
CEAS_08,Kenneth Johnson <JamesbudweiserGarcia@merriam-webster.com>,Replica Rolex Watches ! SAVE Big !,"
Why pay more? Get qualitative replica watches here 

Replica watches, pens, bags and more... Cheap luxury gifts ...   

Ladies and Gents watches from only 9.99 inc. delivery ...   

http://dryadsnedsjaw.com/


",1,1
CEAS_08,SpamExperts via Twitter <uiaregi@twitter.com>,Direct message from SpamExperts via web,"Process Clamd (10min) mt_se_xen3: ON
0

SpamExperts / spamexperts

--
follow me at http://twitter.com/spamexperts
reply on the web at http://twitter.com/direct_messages/create/spamexperts
send me a direct message from your phone or IM: D SPAMEXPERTS your message here.
turn off these email notifications at: http://twitter.com/account/notifications


",0,1
CEAS_08,Daily Top 10 <mardi-4947124@communityhospice.com>,CNN.com Daily Top 10,">+=+=+=+=+=+=+=+=+=+=+=+=+=+=+=+=+=+=+=+=+=+=+=+=+=+=+=+=+=+= >THE DAILY TOP 10 >from CNN.com >Top videos and stories as of: Aug  1, 2008  3:58 PM EDT >+=+=+=+=+=+=+=+=+=+=+=+=+=+=+=+=+=+=+=+=+=+=+=+=+=+=+=+=+=+= TOP 10 VIDEOS 1. PARIS HILTON TAKES ON MCCAIN http://www.cnn.com/video/partners/email/index.html?url=/video/politics/2008/08/06/wynter.paris.hilton.ad.cnn Paris Hilton swings back at Republican presidential candidate John McCain. Kareen Wynter reports. 2. BIKINI BARISTA STAND CLOSED http://www.cnn.com/video/partners/email/index.html?url=/video/living/2008/08/06/pkg.bikini.baristas.barred.kiro 3. TOT GRANDMA REACTS TO CHARGES http://www.cnn.com/video/partners/email/index.html?url=/video/crime/2008/08/06/grace.mom.charged.cnn 4. MAGGOTS: THE NEW ANTIBIOTIC? http://www.cnn.com/video/partners/email/index.html?url=/video/health/2008/08/06/mcginty.uk.maggot.antibiotic.itn 5. ON YOUR MARK, GET SET, FLOAT! http://www.cnn.com/video/partners/email/index.html?url=/video/living/2008/08/06/vo.in.balloon.race.wxin 6. 'LOVE TRIANGLE MURDER' http://www.cnn.com/video/partners/email/index.html?url=/video/crime/2008/08/06/dcl.london.in.session.trial.update.insession 7. TERI GARR'S DECADES OF HIDING http://www.cnn.com/video/partners/email/index.html?url=/video/health/2008/08/06/gupta.teri.garr.cnn 8. FAKE SEX AD DRAWS LAWSUIT http://www.cnn.com/video/partners/email/index.html?url=/video/tech/2008/08/06/dnt.wa.sex.ad.lawsuit.komo 9. 'WE NEED AN ECONOMIC SURGE' http://www.cnn.com/video/partners/email/index.html?url=/video/politics/2008/08/06/sot.mccain.econo.surge.cnn 10. OBAMA GOT HIT IN THE HEAD? http://www.cnn.com/video/partners/email/index.html?url=/video/politics/2008/08/06/sot.obama.asked.why.running.cnn TOP 10 STORIES 1. N. DAKOTA'S REAL-LIFE JED CLAMPETT http://www.cnn.com/2008/LIVING/wayoflife/08/05/oil.boomtown/index.html In the midst of a N. Dakota oil boom, a man born during the Great Depression is making a fortune after striking oil on his property. 2. OBAMA'S UPHILL POLLING BATTLE http://www.cnn.com/2008/POLITICS/08/06/obama.polls/index.html 3. D.A.: SEX CASE ABOUT 'PURE EVIL' http://www.cnn.com/2008/CRIME/08/06/sex.club.trial.ap/index.html 4. ANOTHER SIDE OF AMY RAY http://www.cnn.com/2008/SHOWBIZ/Music/08/06/amy.ray/index.html 5. COMMENTARY: BILL CLINTON'S UPSET http://www.cnn.com/2008/US/08/06/martin.billclinton/index.html 6. WOMEN DRIVEN TO DONATE EGGS http://www.cnn.com/2008/HEALTH/08/05/selling.eggs/index.html 7. ANTHRAX SUSPECT CALLED MISLEADING http://www.cnn.com/2008/CRIME/08/06/anthrax.case/index.html 8. MOUNTAIN LION IN BEDROOM KILLS DOG http://www.cnn.com/2008/US/08/06/mountain.lion.ap/index.html 9. REPORTS: MISTAKES DOOMED UTAH MINE http://www.cnn.com/2008/US/08/06/utah.mine.anniv.ap/index.html 10. BIN LADEN'S FORMER DRIVER GUILTY http://www.cnn.com/2008/CRIME/08/06/hamdan.trial/index.html CNN, The Most Trusted Name in News >    Cable News Network LP, LLLP.                       < >    One CNN Center, Atlanta, Georgia 30303             < >    2008 Cable News Network LP, LLLP.                  < >    A Time Warner Company.                             < >    All Rights Reserved.                               < ========================================================= =   Please send comments or suggestions by going to     = =           http://www.cnn.com/feedback/                = =                                                       = =      Read our privacy guidelines by going to          = =         http://www.cnn.com/privacy.html               = ========================================================= You have agreed to receive this email from CNN.com as a result of your CNN.com preference settings. To manage your settings, go to: http://www.cnn.com/linkto/bn.manage.html To unsubscribe from the Daily Top 10, go to http://cgi.cnn.com/m/clik?e=email272@gvc.ceas-challenge.cc&l=cnn-dailytop10",1,1
CEAS_08,Christoph Cordes <uiaregi@clamav.net>,[clamav-virusdb] Update (daily: 5741),"ClamAV database updated (08 Feb 2008 11-47 +0000): daily.cvd
Version: 5741

Submission-ID: 2352898
Sender: Virus Total
Submission notes: Same as in Submission-ID 2482442
Added: No

Submission-ID: 2352899
Sender: Virus Total
Submission notes: Same as in Submission-ID 2367288
Added: No

Submission-ID: 2352900
Sender: Virus Total
Submission notes: Same as in Submission-ID 2304358
Added: No

Submission-ID: 2352901
Sender: Virus Total
Submission notes: Same as in Submission-ID 2304358
Added: No

Submission-ID: 2353295
Sender: Virus Total
Submission notes: Same as in Submission-ID 2322594
Added: No

Submission-ID: 2353301
Sender: Virus Total
Submission notes: Same as in Submission-ID 2411361
Added: No

Submission-ID: 2353304
Sender: Virus Total
Submission notes: Same as in Submission-ID 2345439
Added: No

Submission-ID: 2353307
Sender: Virus Total
Submission notes: Same as in Submission-ID 2304358
Added: No

Submission-ID: 2353311
Sender: Virus Total
Added: Trojan.Spy-21660
Virus name alias: Packer.Malware.NSAnti.K (Bitdefender)

Submission-ID: 2353316
Sender: Virus Total
Submission notes: Same as in Submission-ID 2304358
Added: No

Submission-ID: 2353318
Sender: Virus Total
Submission notes: Same as in Submission-ID 2361931
Added: No

Submission-ID: 2353319
Sender: Virus Total
Submission notes: Same as in Submission-ID 2304358
Added: No

Submission-ID: 2353321
Sender: Virus Total
Submission notes: Same as in Submission-ID 2304358
Added: No

Submission-ID: 2353323
Sender: Virus Total
Submission notes: Same as in Submission-ID 2304358
Added: No

Submission-ID: 2353325
Sender: Virus Total
Submission notes: Same as in Submission-ID 2304358
Added: No

Submission-ID: 2353327
Sender: Virus Total
Submission notes: Already detected as Trojan.Dropper-4035
Added: No

Submission-ID: 2353336
Sender: Virus Total
Submission notes: Same as in Submission-ID 2306617
Added: No

Submission-ID: 2353338
Sender: Virus Total
Submission notes: Same as in Submission-ID 2304358
Added: No

Submission-ID: 2353339
Sender: Virus Total
Submission notes: Same as in Submission-ID 2304358
Added: No

Submission-ID: 2353342
Sender: Virus Total
Added: Trojan.Spy-21749
Virus name alias: Packer.Malware.NSAnti.K (Bitdefender)

Submission-ID: 2353344
Sender: Virus Total
Submission notes: Same as in Submission-ID 2304358
Added: No

Submission-ID: 2353345
Sender: Virus Total
Submission notes: Same as in Submission-ID 2411361
Added: No

Submission-ID: 2353346
Sender: VirScan.org
Added: Trojan.Agent-12010
Virus name alias: Trojan.Delf.OWN (Bitdefender)

Submission-ID: 2353356
Sender: Virus Total
Submission notes: Already detected as Trojan.Delf-2722
Added: No

Submission-ID: 2353357
Sender: Virus Total
Submission notes: Same as in Submission-ID 2304358
Added: No

Submission-ID: 2353362
Sender: Virus Total
Submission notes: Same as in Submission-ID 2304358
Added: No

Submission-ID: 2353364
Sender: Virus Total
Submission notes: Same as in Submission-ID 2520262
Added: No

Submission-ID: 2353365
Sender: Virus Total
Submission notes: Same as in Submission-ID 2304358
Added: No

Submission-ID: 2353367
Sender: Virus Total
Submission notes: Same as in Submission-ID 2304358
Added: No

Submission-ID: 2353369
Sender: Virus Total
Submission notes: Same as in Submission-ID 2304358
Added: No

Submission-ID: 2353370
Sender: Virus Total
Submission notes: Same as in Submission-ID 2304358
Added: No

Submission-ID: 2353371
Sender: Virus Total
Added: Trojan.Spy-21231
Virus name alias: Trojan.PWS.OnLineGames.NSR (Bitdefender)

Submission-ID: 2353374
Sender: Virus Total
Submission notes: Same as in Submission-ID 2392956
Added: No

Submission-ID: 2353381
Sender: Virus Total
Submission notes: Same as in Submission-ID 2354461
Added: No

Submission-ID: 2353382
Sender: Virus Total
Submission notes: Same as in Submission-ID 2322594
Added: No

Submission-ID: 2353387
Sender: Virus Total
Submission notes: Same as in Submission-ID 2322594
Added: No

Submission-ID: 2353391
Sender: Virus Total
Submission notes: Same as in Submission-ID 2304358
Added: No

Submission-ID: 2353392
Sender: Virus Total
Submission notes: Same as in Submission-ID 2304358
Added: No

Submission-ID: 2353393
Sender: Virus Total
Added: Trojan.IRCBot-1538

Submission-ID: 2353394
Sender: Virus Total
Submission notes: Same as in Submission-ID 2304358
Added: No

Submission-ID: 2353398
Sender: Virus Total
Submission notes: Same as in Submission-ID 2322594
Added: No

Submission-ID: 2353402
Sender: Virus Total
Submission notes: Same as in Submission-ID 2304358
Added: No

Submission-ID: 2353404
Sender: VirScan.org
Submission notes: Same as in Submission-ID 2520262
Added: No

Submission-ID: 2353406
Sender: Virus Total
Submission notes: Same as in Submission-ID 2304358
Added: No

Submission-ID: 2353408
Sender: Virus Total
Submission notes: Same as in Submission-ID 2304358
Added: No

Submission-ID: 2353409
Sender: Virus Total
Submission notes: Already detected as Trojan.Delf-2745
Added: No

Submission-ID: 2353417
Sender: Virus Total
Submission notes: Already detected as Trojan.Spy-22675
Added: No
Virus name alias: Generic.Malware.Sdld.C62B40F6 (Bitdefender)

Submission-ID: 2353418
Sender: Virus Total
Submission notes: Same as in Submission-ID 2304358
Added: No

Submission-ID: 2353420
Sender: Virus Total
Submission notes: Same as in Submission-ID 2347384
Added: No

Submission-ID: 2353422
Sender: Virus Total
Submission notes: Same as in Submission-ID 2304358
Added: No

Submission-ID: 2353423
Sender: Virus Total
Added: Trojan.Downloader-21548

Submission-ID: 2353424
Sender: Virus Total
Submission notes: Already detected as Trojan.Agent-12075
Added: No
Virus name alias: Trojan.FatObfus.Gen (Bitdefender)

Submission-ID: 2353428
Sender: Virus Total
Submission notes: Same as in Submission-ID 2357675
Added: No

Submission-ID: 2353429
Sender: Virus Total
Submission notes: Already detected as Trojan.PcClient-726
Added: No
Virus name alias: GenPack:Backdoor.Pcclient.ADO (Bitdefender)

Submission-ID: 2353433
Sender: Virus Total
Submission notes: Same as in Submission-ID 2392956
Added: No

Submission-ID: 2353434
Sender: Virus Total
Submission notes: Same as in Submission-ID 2304358
Added: No

Submission-ID: 2353439
Sender: Virus Total
Submission notes: Same as in Submission-ID 2304358
Added: No

Submission-ID: 2353440
Sender: Virus Total
Submission notes: Same as in Submission-ID 2392956
Added: No

Submission-ID: 2353444
Sender: Virus Total
Submission notes: Same as in Submission-ID 2304358
Added: No

Submission-ID: 2353445
Sender: Virus Total
Submission notes: Same as in Submission-ID 2347384
Added: No

Submission-ID: 2353447
Sender: Virus Total
Submission notes: Same as in Submission-ID 2304358
Added: No

Submission-ID: 2353450
Sender: Virus Total
Submission notes: Same as in Submission-ID 2304358
Added: No

Submission-ID: 2353451
Sender: Virus Total
Submission notes: Same as in Submission-ID 2304358
Added: No

Submission-ID: 2353456
Sender: Virus Total
Submission notes: Same as in Submission-ID 2304358
Added: No

Submission-ID: 2353458
Sender: Virus Total
Added: Trojan.Spy-21598
Virus name alias: Trojan.PWS.Onlinegames.NTA (Bitdefender)

Submission-ID: 2353460
Sender: Virus Total
Submission notes: Same as in Submission-ID 2361931
Added: No

Submission-ID: 2353462
Sender: Virus Total
Submission notes: Same as in Submission-ID 2304358
Added: No

Submission-ID: 2353465
Sender: Virus Total
Submission notes: Same as in Submission-ID 2304358
Added: No

Submission-ID: 2353466
Sender: Virus Total
Submission notes: Same as in Submission-ID 2304358
Added: No

Submission-ID: 2353469
Sender: Virus Total
Submission notes: Already detected as Trojan.Hupigon-7136
Added: No

Submission-ID: 2353472
Sender: Virus Total
Submission notes: Same as in Submission-ID 2304358
Added: No

Submission-ID: 2353473
Sender: Virus Total
Submission notes: Already detected as Trojan.Spy-20730
Added: No
Virus name alias: Trojan.PWS.LDPinch.TDU (Bitdefender)

Submission-ID: 2353474
Sender: Jotti
Submission notes: Same as in Submission-ID 2346475
Added: No

Submission-ID: 2353475
Sender: Virus Total
Submission notes: Same as in Submission-ID 2304358
Added: No

Submission-ID: 2353476
Sender: Virus Total
Submission notes: Same as in Submission-ID 2356094
Added: No

Submission-ID: 2353478
Sender: Virus Total
Submission notes: Already detected as Trojan.Dropper-4034
Added: No
Virus name alias: BehavesLike:Win32.Malware (Bitdefender)

Submission-ID: 2353479
Sender: Virus Total
Submission notes: Same as in Submission-ID 2392956
Added: No

Submission-ID: 2353480
Sender: Virus Total
Submission notes: Same as in Submission-ID 2398524
Added: No

Submission-ID: 2353482
Sender: Virus Total
Submission notes: Same as in Submission-ID 2304358
Added: No

Submission-ID: 2353483
Sender: Virus Total
Submission notes: Same as in Submission-ID 2322594
Added: No

Submission-ID: 2353485
Sender: Virus Total
Submission notes: Same as in Submission-ID 2304358
Added: No

Submission-ID: 2353488
Sender: Virus Total
Submission notes: Same as in Submission-ID 2347384
Added: No

Submission-ID: 2353492
Sender: Virus Total
Submission notes: Same as in Submission-ID 2304358
Added: No

Submission-ID: 2353493
Sender: Virus Total
Submission notes: Same as in Submission-ID 2304358
Added: No

Submission-ID: 2353495
Sender: Virus Total
Submission notes: Same as in Submission-ID 2304358
Added: No

Submission-ID: 2353500
Sender: Virus Total
Submission notes: Same as in Submission-ID 2304358
Added: No

Submission-ID: 2353502
Sender: Virus Total
Submission notes: Same as in Submission-ID 2520262
Added: No

Submission-ID: 2353505
Sender: Virus Total
Submission notes: Same as in Submission-ID 2352396
Added: No

Submission-ID: 2353507
Sender: Virus Total
Submission notes: Same as in Submission-ID 2304358
Added: No

Submission-ID: 2353510
Sender: Virus Total
Submission notes: Same as in Submission-ID 2304358
Added: No

Submission-ID: 2353518
Sender: Virus Total
Submission notes: Same as in Submission-ID 2304358
Added: No

Submission-ID: 2353528
Sender: Virus Total
Submission notes: Same as in Submission-ID 2353734
Added: No

Submission-ID: 2353533
Sender: Virus Total
Submission notes: Same as in Submission-ID 2304358
Added: No

Submission-ID: 2353534
Sender: Virus Total
Submission notes: Already detected as Trojan.Hupigon-7200
Added: No
Virus name alias: Generic.Graybird.C5824179 (Bitdefender)

Submission-ID: 2353536
Sender: Virus Total
Submission notes: Same as in Submission-ID 2429262
Added: No

Submission-ID: 2353540
Sender: Virus Total
Submission notes: Already detected as Trojan.Mybot-9522
Added: No
Virus name alias: DeepScan:Generic.HorstBased.31951F58 (Bitdefender)

Submission-ID: 2353541
Sender: Virus Total
Submission notes: Already detected as Trojan.Dropper-4063
Added: No
Virus name alias: BehavesLike:Win32.Malware (Bitdefender)

Submission-ID: 2353543
Sender: Virus Total
Submission notes: Same as in Submission-ID 2301940
Added: No

Submission-ID: 2353551
Sender: Virus Total
Submission notes: Same as in Submission-ID 2322594
Added: No

Submission-ID: 2353553
Sender: Virus Total
Submission notes: Same as in Submission-ID 2304358
Added: No

Submission-ID: 2353554
Sender: Virus Total
Submission notes: Same as in Submission-ID 2304358
Added: No

Submission-ID: 2353561
Sender: Virus Total
Submission notes: Same as in Submission-ID 2384679
Added: No

Submission-ID: 2353562
Sender: Virus Total
Submission notes: Same as in Submission-ID 2350058
Added: No

Submission-ID: 2353565
Sender: Virus Total
Submission notes: Same as in Submission-ID 2304358
Added: No

Submission-ID: 2353569
Sender: Virus Total
Submission notes: Same as in Submission-ID 2392956
Added: No

Submission-ID: 2353570
Sender: VirScan.org
Submission notes: Same as in Submission-ID 2358824
Added: No

Submission-ID: 2353571
Sender: Virus Total
Submission notes: Same as in Submission-ID 2520262
Added: No

Submission-ID: 2353572
Sender: Virus Total
Submission notes: Same as in Submission-ID 2520262
Added: No

Submission-ID: 2353577
Sender: Virus Total
Submission notes: Same as in Submission-ID 2304358
Added: No

Submission-ID: 2353578
Sender: Virus Total
Submission notes: Same as in Submission-ID 2304358
Added: No

Submission-ID: 2353580
Sender: Virus Total
Submission notes: Same as in Submission-ID 2304358
Added: No

Submission-ID: 2353582
Sender: Virus Total
Submission notes: Same as in Submission-ID 2304358
Added: No

Submission-ID: 2353585
Sender: Virus Total
Submission notes: Already detected as Trojan.Pakes-968
Added: No

Submission-ID: 2353590
Sender: Virus Total
Submission notes: Same as in Submission-ID 2304358
Added: No

Submission-ID: 2353591
Sender: VirScan.org
Submission notes: Already detected as Trojan.Spy-20932
Added: No
Virus name alias: Packer.Malware.NSAnti.K (Bitdefender)

Submission-ID: 2353593
Sender: Virus Total
Submission notes: Same as in Submission-ID 2304358
Added: No

Submission-ID: 2353594
Sender: Virus Total
Submission notes: Same as in Submission-ID 2304358
Added: No

Submission-ID: 2353597
Sender: Virus Total
Submission notes: Same as in Submission-ID 2304358
Added: No

Submission-ID: 2353598
Sender: Virus Total
Added: Trojan.Downloader-21450
Virus name alias: Trojan.Agent.AGLV (Bitdefender)

Submission-ID: 2353599
Sender: Virus Total
Submission notes: Same as in Submission-ID 2520262
Added: No

Submission-ID: 2353612
Sender: Virus Total
Submission notes: Same as in Submission-ID 2328248
Added: No

Submission-ID: 2353613
Sender: Virus Total
Submission notes: Same as in Submission-ID 2304358
Added: No

Submission-ID: 2353618
Sender: Virus Total
Submission notes: Same as in Submission-ID 2304358
Added: No

Submission-ID: 2353617
Sender: Virus Total
Submission notes: Same as in Submission-ID 2304358
Added: No

Submission-ID: 2353620
Sender: Virus Total
Submission notes: Same as in Submission-ID 2304358
Added: No

Submission-ID: 2353623
Sender: Virus Total
Submission notes: Same as in Submission-ID 2215320
Added: No

Submission-ID: 2353631
Sender: Virus Total
Added: Trojan.Proxy-2199
Virus name alias: Generic.PWStealer.7EB9A415 (Bitdefender)

Submission-ID: 2353633
Sender: Virus Total
Submission notes: Same as in Submission-ID 2304358
Added: No

Submission-ID: 2353637
Sender: Virus Total
Submission notes: Same as in Submission-ID 2482442
Added: No

Submission-ID: 2353639
Sender: Virus Total
Submission notes: Same as in Submission-ID 2304358
Added: No

Submission-ID: 2353641
Sender: Virus Total
Submission notes: Same as in Submission-ID 2322594
Added: No

Submission-ID: 2353642
Sender: Virus Total
Submission notes: Same as in Submission-ID 2007479
Added: No

Submission-ID: 2353645
Sender: Virus Total
Submission notes: Same as in Submission-ID 2304358
Added: No

Submission-ID: 2353647
Sender: Virus Total
Submission notes: Same as in Submission-ID 2357675
Added: No

Submission-ID: 2353656
Sender: Virus Total
Submission notes: Already detected as Trojan.Spy-21963
Added: No
Virus name alias: Trojan.PWS.Onlinegames.NYS (Bitdefender)

Submission-ID: 2353664
Sender: VirScan.org
Submission notes: Same as in Submission-ID 2520262
Added: No

Submission-ID: 2353666
Sender: Virus Total
Submission notes: Same as in Submission-ID 2351928
Added: No

Submission-ID: 2353672
Sender: Virus Total
Submission notes: Already detected as Trojan.DNSChanger-2411
Added: No
Virus name alias: Trojan.DNSChanger.QN (Bitdefender)

Submission-ID: 2353675
Sender: Virus Total
Submission notes: Same as in Submission-ID 2322594
Added: No

Submission-ID: 2353677
Sender: Virus Total
Submission notes: Already detected as Trojan.Hupigon-6718
Added: No
Virus name alias: MemScan:Backdoor.Agent.ZAY (Bitdefender)

Submission-ID: 2353682
Sender: Virus Total
Submission notes: Same as in Submission-ID 2372977
Added: No

Submission-ID: 2353684
Sender: Virus Total
Submission notes: Same as in Submission-ID 2322594
Added: No

Submission-ID: 2353685
Sender: Virus Total
Submission notes: Already detected as Trojan.Spy-20845
Added: No
Virus name alias: Trojan.PWS.LdPinch.AKX (Bitdefender)

Submission-ID: 2353687
Sender: Virus Total
Submission notes: Same as in Submission-ID 2322594
Added: No

Submission-ID: 2353688
Sender: Virus Total
Submission notes: Same as in Submission-ID 2322594
Added: No

Submission-ID: 2353694
Sender: Virus Total
Submission notes: Same as in Submission-ID 2353782
Added: No

Submission-ID: 2353695
Sender: Virus Total
Submission notes: Same as in Submission-ID 2429262
Added: No

Submission-ID: 2353716
Sender: Virus Total
Submission notes: Already detected as Trojan.Delf-2987
Added: No
Virus name alias: Generic.Malware.SE.0A3C9ACE (Bitdefender)

Submission-ID: 2353717
Sender: Virus Total
Submission notes: Same as in Submission-ID 2322594
Added: No

Submission-ID: 2353721
Sender: Virus Total
Submission notes: Same as in Submission-ID 2329646
Added: No

Submission-ID: 2353723
Sender: Virus Total
Submission notes: Same as in Submission-ID 2033353
Added: No

Submission-ID: 2353731
Sender: Virus Total
Submission notes: Same as in Submission-ID 2322594
Added: No

Submission-ID: 2353734
Sender: Virus Total
Added: Trojan.Delf-2689
Virus name alias: Trojan.PWS.Agent.SAN (Bitdefender)

Submission-ID: 2353738
Sender: Jotti
Submission notes: Already detected as Trojan.Downloader-20719
Added: No
Virus name alias: Backdoor.SDBot.DFCW (Bitdefender)

Submission-ID: 2353745
Sender: Virus Total
Submission notes: Same as in Submission-ID 2322594
Added: No

Submission-ID: 2353746
Sender: Virus Total
Submission notes: Same as in Submission-ID 2322594
Added: No

Submission-ID: 2353747
Sender: Virus Total
Submission notes: Already detected as Trojan.DNSChanger-2410
Added: No
Virus name alias: Trojan.Peed.Gen (Bitdefender)

Submission-ID: 2353748
Sender: Virus Total
Submission notes: Same as in Submission-ID 2322594
Added: No

Submission-ID: 2353753
Sender: Virus Total
Submission notes: Same as in Submission-ID 2367937
Added: No

Submission-ID: 2353754
Sender: Virus Total
Submission notes: Already detected as Dialer-2024
Added: No
Virus name alias: Trojan.Mezzia.CY (Bitdefender)

Submission-ID: 2353755
Sender: Virus Total
Added: Trojan.Spy-21281
Virus name alias: Trojan.PWS.OnlineGames.NYJ (Bitdefender)

Submission-ID: 2353756
Sender: Virus Total
Submission notes: Same as in Submission-ID 2354461
Added: No

Submission-ID: 2353760
Sender: Virus Total
Submission notes: Same as in Submission-ID 2413091
Added: No

Submission-ID: 2353764
Sender: Virus Total
Submission notes: Same as in Submission-ID 2292415
Added: No

Submission-ID: 2353766
Sender: Virus Total
Submission notes: Same as in Submission-ID 2420857
Added: No

Submission-ID: 2353767
Sender: Virus Total
Added: Trojan.Spy-21508
Virus name alias: Generic.PWS.Games.4.970FE175 (Bitdefender)

Submission-ID: 2353771
Sender: Virus Total
Submission notes: Already detected as Trojan.Spy-21950
Added: No
Virus name alias: Trojan.PWS.Onlinegames.NYS (Bitdefender)

Submission-ID: 2353773
Sender: Virus Total
Submission notes: Same as in Submission-ID 2354461
Added: No

Submission-ID: 2353775
Sender: Virus Total
Added: Trojan.Spy-21738
Virus name alias: Trojan.PWS.OnLineGames.NSR (Bitdefender)

Submission-ID: 2353778
Sender: Virus Total
Submission notes: Same as in Submission-ID 2322594
Added: No

Submission-ID: 2353779
Sender: Virus Total
Submission notes: Already detected as Trojan.Downloader-21765
Added: No

Submission-ID: 2353782
Sender: Virus Total
Submission notes: Already detected as Dialer-1886
Added: No
Virus name alias: Trojan.Dialer.VWA (Bitdefender)

Submission-ID: 2353785
Sender: Virus Total
Submission notes: Already detected as Trojan.PcClient-497
Added: No

Submission-ID: 2353787
Sender: Virus Total
Submission notes: Same as in Submission-ID 2295627
Added: No

Submission-ID: 2353788
Sender: Virus Total
Submission notes: Same as in Submission-ID 2356661
Added: No

Submission-ID: 2353801
Sender: Virus Total
Submission notes: Same as in Submission-ID 2353734
Added: No

Submission-ID: 2353813
Sender: Virus Total
Submission notes: Same as in Submission-ID 2322594
Added: No

Submission-ID: 2353818
Sender: Virus Total
Submission notes: Same as in Submission-ID 2420961
Added: No

Submission-ID: 2353819
Sender: Virus Total
Submission notes: Same as in Submission-ID 2304358
Added: No

Submission-ID: 2353820
Sender: Virus Total
Submission notes: Same as in Submission-ID 2304358
Added: No

Submission-ID: 2353821
Sender: Virus Total
Submission notes: Same as in Submission-ID 2304358
Added: No

Submission-ID: 2353825
Sender: Virus Total
Submission notes: Same as in Submission-ID 2304358
Added: No

Submission-ID: 2353827
Sender: Virus Total
Submission notes: Same as in Submission-ID 2304358
Added: No

Submission-ID: 2353830
Sender: VirScan.org
Submission notes: Already detected as Trojan.BHO-1270
Added: No
Virus name alias: Trojan.Spy.Bzub.NGP (Bitdefender)

Submission-ID: 2353838
Sender: Virus Total
Submission notes: Same as in Submission-ID 2304358
Added: No

Submission-ID: 2353839
Sender: Virus Total
Submission notes: Same as in Submission-ID 2304358
Added: No

Submission-ID: 2353840
Sender: Virus Total
Submission notes: Same as in Submission-ID 2304358
Added: No

Submission-ID: 2353845
Sender: Virus Total
Submission notes: Same as in Submission-ID 2304358
Added: No

Submission-ID: 2353847
Sender: Virus Total
Submission notes: Same as in Submission-ID 2304358
Added: No

Submission-ID: 2353848
Sender: Virus Total
Submission notes: Same as in Submission-ID 2304358
Added: No

Submission-ID: 2353852
Sender: Virus Total
Submission notes: Same as in Submission-ID 2304358
Added: No

Submission-ID: 2353860
Sender: Virus Total
Submission notes: Same as in Submission-ID 2345803
Added: No

Submission-ID: 2353864
Sender: Virus Total
Submission notes: Same as in Submission-ID 2304358
Added: No

Submission-ID: 2353872
Sender: Virus Total
Submission notes: Same as in Submission-ID 2304358
Added: No

Submission-ID: 2353873
Sender: Virus Total
Submission notes: Same as in Submission-ID 2304358
Added: No

Submission-ID: 2353874
Sender: Virus Total
Submission notes: Same as in Submission-ID 2304358
Added: No

Submission-ID: 2353876
Sender: Virus Total
Submission notes: Already detected as Trojan.Spy-20860
Added: No
Virus name alias: Trojan.PWS.OnLineGames.NSR (Bitdefender)

Submission-ID: 2353879
Sender: Virus Total
Submission notes: Same as in Submission-ID 2352396
Added: No

Submission-ID: 2353885
Sender: Virus Total
Submission notes: Same as in Submission-ID 2304358
Added: No

Submission-ID: 2353886
Sender: Virus Total
Submission notes: Same as in Submission-ID 2304358
Added: No

Submission-ID: 2353888
Sender: Virus Total
Submission notes: Same as in Submission-ID 2304358
Added: No

Submission-ID: 2353889
Sender: Virus Total
Submission notes: Same as in Submission-ID 2304358
Added: No

Submission-ID: 2353890
Sender: Virus Total
Submission notes: Same as in Submission-ID 2304358
Added: No

Submission-ID: 2353892
Sender: Virus Total
Submission notes: Same as in Submission-ID 2352396
Added: No

Submission-ID: 2353893
Sender: Virus Total
Submission notes: Same as in Submission-ID 2353782
Added: No

Submission-ID: 2353894
Sender: Virus Total
Submission notes: Same as in Submission-ID 2304358
Added: No

Submission-ID: 2353895
Sender: Virus Total
Submission notes: Same as in Submission-ID 2304358
Added: No

Submission-ID: 2353896
Sender: Virus Total
Submission notes: Same as in Submission-ID 2355878
Added: No

Submission-ID: 2353900
Sender: Virus Total
Submission notes: Same as in Submission-ID 2304358
Added: No

Submission-ID: 2353907
Sender: Virus Total
Added: Trojan.Pakes-995
Virus name alias: Packer.Malware.NSAnti.K (Bitdefender)

Submission-ID: 2353910
Sender: Virus Total
Submission notes: Same as in Submission-ID 2345803
Added: No

Submission-ID: 2353913
Sender: VirScan.org
Submission notes: Same as in Submission-ID 2320437
Added: No

Submission-ID: 2353916
Sender: Virus Total
Submission notes: Same as in Submission-ID 2322594
Added: No

Submission-ID: 2353917
Sender: Virus Total
Submission notes: Same as in Submission-ID 2322594
Added: No

Submission-ID: 2353921
Sender: Virus Total
Submission notes: Same as in Submission-ID 2356661
Added: No

Submission-ID: 2353925
Sender: Virus Total
Submission notes: Already detected as Dialer-2023
Added: No
Virus name alias: Trojan.Mezzia.CY (Bitdefender)

Submission-ID: 2353927
Sender: Virus Total
Added: Trojan.Spy-21320
Virus name alias: Trojan.PWS.OnLineGames.NSR (Bitdefender)

Submission-ID: 2353932
Sender: VirScan.org
Submission notes: Same as in Submission-ID 2520262
Added: No

Submission-ID: 2353934
Sender: Virus Total
Submission notes: Already detected as Trojan.DNSChanger-2526
Added: No
Virus name alias: Trojan.DNSChanger.QN (Bitdefender)

Submission-ID: 2342900
Sender: Virus Total
Added: Trojan.Agent-11923
Virus name alias: Trojan.Agent.AGOV (Bitdefender)

Submission-ID: 2353941
Sender: Virus Total
Submission notes: Same as in Submission-ID 2420857
Added: No

Submission-ID: 2353944
Sender: Virus Total
Submission notes: Same as in Submission-ID 2304358
Added: No

Submission-ID: 2353945
Sender: Virus Total
Submission notes: Same as in Submission-ID 2304358
Added: No

Submission-ID: 2353951
Sender: Virus Total
Submission notes: Same as in Submission-ID 2304358
Added: No

Submission-ID: 2353952
Sender: Virus Total
Submission notes: Already detected as Trojan.Hupigon-6764
Added: No
Virus name alias: Backdoor.Hupigon.BIC (Bitdefender)

Submission-ID: 2353953
Sender: Virus Total
Submission notes: Same as in Submission-ID 2304358
Added: No

Submission-ID: 2353960
Sender: Virus Total
Submission notes: Same as in Submission-ID 2329646
Added: No

Submission-ID: 2353961
Sender: Virus Total
Submission notes: Already detected as Dialer-2022
Added: No
Virus name alias: DeepScan:Generic.PWStealer.2411BEB3 (Bitdefender)

Submission-ID: 2353962
Sender: Virus Total
Submission notes: Already detected as Trojan.Spy-22805
Added: No
Virus name alias: Trojan.PWS.Onlinegames.NTA (Bitdefender)

Submission-ID: 2353965
Sender: Virus Total
Submission notes: Same as in Submission-ID 2378606
Added: No

Submission-ID: 2353967
Sender: Virus Total
Submission notes: Same as in Submission-ID 2420924
Added: No

Submission-ID: 2353969
Sender: Virus Total
Submission notes: Same as in Submission-ID 2348264
Added: No

Submission-ID: 2353979
Sender: Virus Total
Submission notes: Same as in Submission-ID 2304358
Added: No

Submission-ID: 2353982
Sender: Virus Total
Submission notes: Same as in Submission-ID 2304358
Added: No

Submission-ID: 2353984
Sender: Virus Total
Submission notes: Same as in Submission-ID 2304358
Added: No

Submission-ID: 2353987
Sender: Virus Total
Submission notes: Same as in Submission-ID 2322594
Added: No

Submission-ID: 2353989
Sender: Virus Total
Submission notes: Same as in Submission-ID 2181403
Added: No

Submission-ID: 2353990
Sender: Virus Total
Submission notes: Same as in Submission-ID 2304358
Added: No

Submission-ID: 2353993
Sender: Virus Total
Submission notes: Same as in Submission-ID 2304358
Added: No

Submission-ID: 2353994
Sender: Virus Total
Submission notes: Same as in Submission-ID 2304358
Added: No

Submission-ID: 2353996
Sender: Virus Total
Submission notes: Already detected as Trojan.Spy-20668
Added: No
Virus name alias: Trojan.Downloader.Delf.APP (Bitdefender)

Submission-ID: 2353997
Sender: Virus Total
Submission notes: Same as in Submission-ID 2304358
Added: No

Submission-ID: 2353998
Sender: Virus Total
Submission notes: Same as in Submission-ID 2304358
Added: No

Submission-ID: 2353999
Sender: Virus Total
Submission notes: Same as in Submission-ID 2304358
Added: No

Submission-ID: 2354000
Sender: Virus Total
Submission notes: Same as in Submission-ID 2304358
Added: No

Submission-ID: 2354003
Sender: Virus Total
Submission notes: Same as in Submission-ID 2304358
Added: No

Submission-ID: 2354005
Sender: Virus Total
Submission notes: Same as in Submission-ID 2420557
Added: No

Submission-ID: 2354006
Sender: Virus Total
Submission notes: Same as in Submission-ID 2304358
Added: No

Submission-ID: 2354010
Sender: Virus Total
Submission notes: Same as in Submission-ID 2304358
Added: No

Submission-ID: 2354011
Sender: Virus Total
Submission notes: Same as in Submission-ID 2322594
Added: No

Submission-ID: 2354012
Sender: Virus Total
Submission notes: Already detected as Trojan.Spy-22085
Added: No
Virus name alias: Trojan.PWS.Onlinegames.NYS (Bitdefender)

Submission-ID: 2354015
Sender: Virus Total
Submission notes: Already detected as Trojan.Spy-20734
Added: No
Virus name alias: Trojan.PWS.OnLineGames.NSR (Bitdefender)

Submission-ID: 2354016
Sender: Virus Total
Submission notes: Same as in Submission-ID 2322594
Added: No

Submission-ID: 2354017
Sender: Virus Total
Submission notes: Same as in Submission-ID 2347384
Added: No

Submission-ID: 2354020
Sender: Virus Total
Submission notes: Same as in Submission-ID 2347384
Added: No

Submission-ID: 2354022
Sender: Virus Total
Submission notes: Same as in Submission-ID 2322594
Added: No

Submission-ID: 2354024
Sender: Virus Total
Submission notes: Same as in Submission-ID 2322594
Added: No

Submission-ID: 2354029
Sender: Virus Total
Submission notes: Same as in Submission-ID 2292415
Added: No

Submission-ID: 2354035
Sender: Virus Total
Submission notes: Same as in Submission-ID 2374377
Added: No

Submission-ID: 2354039
Sender: Virus Total
Submission notes: Same as in Submission-ID 2354575
Added: No

Submission-ID: 2354040
Sender: Virus Total
Submission notes: Same as in Submission-ID 2322594
Added: No

Submission-ID: 2354043
Sender: Virus Total
Submission notes: Same as in Submission-ID 2304358
Added: No

Submission-ID: 2354044
Sender: Virus Total
Submission notes: Already detected as Trojan.Spy-22202
Added: No
Virus name alias: Trojan.PWS.Onlinegames.NYS (Bitdefender)

Submission-ID: 2354046
Sender: Virus Total
Submission notes: Same as in Submission-ID 2304358
Added: No

Submission-ID: 2354047
Sender: Virus Total
Submission notes: Same as in Submission-ID 2292415
Added: No

Submission-ID: 2354048
Sender: Virus Total
Submission notes: Same as in Submission-ID 2304358
Added: No

Submission-ID: 2354051
Sender: Virus Total
Submission notes: Same as in Submission-ID 2541662
Added: No

Submission-ID: 2354056
Sender: Virus Total
Added: Trojan.Downloader-21144

Submission-ID: 2354057
Sender: Virus Total
Submission notes: Same as in Submission-ID 2304358
Added: No

Submission-ID: 2354058
Sender: Virus Total
Submission notes: Same as in Submission-ID 2304358
Added: No

Submission-ID: 2354062
Sender: Virus Total
Submission notes: Same as in Submission-ID 2304358
Added: No

Submission-ID: 2354066
Sender: Virus Total
Submission notes: Same as in Submission-ID 2304358
Added: No

Submission-ID: 2354067
Sender: Virus Total
Submission notes: Same as in Submission-ID 2304358
Added: No

Submission-ID: 2354068
Sender: Virus Total
Submission notes: Same as in Submission-ID 2304358
Added: No

Submission-ID: 2354074
Sender: Virus Total
Submission notes: Same as in Submission-ID 2304358
Added: No

Submission-ID: 2354076
Sender: Virus Total
Submission notes: Same as in Submission-ID 2322594
Added: No

Submission-ID: 2354088
Sender: VirScan.org
Added: Trojan.Spy-21782
Virus name alias: DeepScan:Generic.PWStealer.C8730D9F (Bitdefender)

Submission-ID: 2354094
Sender: Virus Total
Submission notes: Same as in Submission-ID 2304358
Added: No

Submission-ID: 2354095
Sender: Virus Total
Submission notes: Same as in Submission-ID 2367937
Added: No

Submission-ID: 2354096
Sender: Virus Total
Submission notes: Same as in Submission-ID 2401973
Added: No

Submission-ID: 2354099
Sender: Virus Total
Submission notes: Same as in Submission-ID 2304358
Added: No

Submission-ID: 2354100
Sender: Virus Total
Submission notes: Same as in Submission-ID 2304358
Added: No

Submission-ID: 2354101
Sender: Virus Total
Added: Trojan.Downloader-21152

Submission-ID: 2354105
Sender: Virus Total
Submission notes: Same as in Submission-ID 2356094
Added: No

Submission-ID: 2354106
Sender: Virus Total
Submission notes: Already detected as Trojan.Spy-22538
Added: No
Virus name alias: Dropped:Backdoor.Hupigon.YRS (Bitdefender)

Submission-ID: 2354108
Sender: Virus Total
Submission notes: Same as in Submission-ID 2304358
Added: No

Submission-ID: 2354110
Sender: Virus Total
Submission notes: Same as in Submission-ID 2304358
Added: No

Submission-ID: 2354111
Sender: Virus Total
Submission notes: Same as in Submission-ID 2304358
Added: No

Submission-ID: 2354113
Sender: Virus Total
Submission notes: Already detected as Trojan.Spy-22213
Added: No
Virus name alias: Trojan.PWS.Onlinegames.NYS (Bitdefender)

Submission-ID: 2438929
Sender: Virus Total
Submission notes: Already detected as Trojan.Zbot-229
Added: No
Virus name alias: Trojan.Peed.Gen (Bitdefender)

Submission-ID: 2438934
Sender: VirScan.org
Submission notes: Same as in Submission-ID 2520262
Added: No

Submission-ID: 2438938
Sender: Virus Total
Submission notes: Same as in Submission-ID 2419970
Added: No

Submission-ID: 2551836
Sender: Virus Total
Submission notes: Already detected as Worm.Anker
Added: No

-- 
Best regards,
  Christoph 

_______________________________________________
http://lists.clamav.net/cgi-bin/mailman/listinfo/clamav-virusdb


",0,1
CEAS_08,"""\\""Martin v. Löwis\\"""" <qpnysl@v.loewis.de>",Re: [Python-3000] from .foo import *,"> It was the first step in removing the ability to use ""from *"" at all.  I
> don't have time right now to find the discussion, but I can do that later
> if you want.

Thanks - that's what I expected; no need to dig out further details.

Regards,
Martin
_______________________________________________
Python-3000 mailing list
smsbmo-9552@python.org
http://mail.python.org/mailman/listinfo/python-3000
Unsubscribe: http://mail.python.org/mailman/options/python-3000/python-3000%40tangomu.com


",0,1
CEAS_08,CNN Alerts <Greger-runsasv{@protibet.org>,CNN Alerts: My Custom Alert,"


CNN Alerts: My Custom Alert






 



Alert Name: My Custom Alert
Do not regret after you lose her

Fri, 8 Aug 2008 18:14:49 +0800

FULL STORY



You have agreed to receive this email from CNN.com as a result of your CNN.com preference settings.
To manage your settings click here.
To alter your alert criteria or frequency or to unsubscribe from receiving custom email alerts, click here.


Cable News Network. One CNN Center, Atlanta, Georgia 30303
© 2008 Cable News Network.
A Time Warner Company
All Rights Reserved.
View our privacy policy and terms.






",1,0
CEAS_08,Mike Klaas <xdih.qxzrs@gmail.com>,Re: [Python-Dev] svnmerge and added files,"On 20-Mar-08, at 2:32 PM, Christian Heimes wrote:

> Martin v. Löwis schrieb:
>> It seems that recently, a number of merges broke in the sense
>> that files added to the trunk were not merged into the
>> 3k branch.
>>
>> Is that a general problem with svnmerge? Should that be
>> fixed to automatically do a ""svn add"" when merging changes
>> that included file additions and removals?
>
> It sometimes happens when I do a svnmerge, revert the merge with svn
> revert -R and do a second svnmerge. Files added by the first svnmerge
> aren't added to the commit list for the second merge. Unfortunately
> svnmerge.py doesn't warn me when the file already exists.

It may not warn explicitly about that, but it certainly does warn:

M ...
Skipped path/to/missing/file...
M ...
M ...

As someone who deals with svnmerge.py a lot, I find that it is  
appropriate to treat ""Skipped"" as critical as a conflict.

I too wish that it was more explicit in this respect.
-Mike
_______________________________________________
Python-Dev mailing list
zvllln-eum@python.org
http://mail.python.org/mailman/listinfo/python-dev
Unsubscribe: http://mail.python.org/mailman/options/python-dev/python-dev%40tangomu.com



",0,1
CEAS_08,Barry Warsaw <pjaxq@python.org>,[Python-3000] Python source code on Bazaar vcs,"-----BEGIN PGP SIGNED MESSAGE-----
Hash: SHA1

I'm happy to announce that we now have available for public  
consumption, the Python source code for 2.5, 2.6 and 3.0 available  
under the Bazaar distributed version control system.

The current Subversion repository is still the master copy of the  
source code.  We have not made a decision to move to Bazaar  
officially, nor have we made a decision to even move off of  
Subversion.  We're making these branches available exactly so that  
you, the Python developer community, can kick the tires and see if it  
makes sense to move to a different vcs.  Nothing will happen until  
after the Python 2.6/3.0 releases anyway.

All the gory details are documented here:

     http://www.python.org/dev/bazaar

These branches are available both for core Python developers with  
commit privileges, and the wider world of developers without commit  
privileges.  It's this latter group that I think will find the most  
compelling immediate benefit from using Bazaar, because they will no  
longer need to maintain their own changes using a mass of patch files.

For more information on Bazaar in general, see:

     http://bazaar-vcs.org

You will probably be most interested in the Bazaar mirrors of the  
Subversion master repository.  We have a cron job that updates Bazaar  
from Subversion every 15 minutes.  It is also possible to push changes  
made in your Bazaar branches into the Subversion master, so you can  
keep reasonably up-to-date and interact with the Python source code  
solely via Bazaar.

Please let me know if you have any questions or anything in the docs  
referenced above aren't clear.  I know I need to document the Bazaar- 
 >Subversion workflow in more detail.

Huge thanks go out especially to Thomas Wouters who sprinted with me  
yesterday on getting the whole infrastructure up and running.  Thanks  
also to Martin v. Loewis, Sean Reifschneider, and the folks here at  
Pycon from the Bazaar project, Ian, Andrew, John, and Edwin.

Enjoy,
- -Barry

-----BEGIN PGP SIGNATURE-----
Version: GnuPG v1.4.8 (Darwin)

iQCVAwUBR+K+H3EjvBPtnXfVAQL6bwP/d0XKx0mRPgzdOD6zCPwwRl8y2kxWV9Vl
zVwN07cK8IlwMa9M470MsERuXuD8hmeXnPgnrUcrX9HciwldmY8C33t0f8GaOk1J
iD4Od1midlIaJJiMd+JcFk9NbX3Rwc4HMj3s8jKjjdlGrFe77ei9DCZ/HMl/iG5K
fyyjXo4HLEE=
=Gcjq
-----END PGP SIGNATURE-----
_______________________________________________
Python-3000 mailing list
smsbmo-9552@python.org
http://mail.python.org/mailman/listinfo/python-3000
Unsubscribe: http://mail.python.org/mailman/options/python-3000/python-3000%40tangomu.com


",0,1
CEAS_08,florian oswald <colama@ms21.hinet.net>,helpful for your health.,"
Dear 384345b8756657b8401b5efde93f9bba

Summer is a good time to take a vacation at work and think about your health & personal life.

And we are glad to help you with it.

 From now on till 1st of  October you can use our particular offer.

Visit our site for further details.

answerdry.com

6 Aug 2008 11:36:04


",1,0
CEAS_08,Skip Montanaro <dwooqfuug@users.sourceforge.net>,"[Spambayes-checkins] spambayes/spambayes CoreUI.py, NONE,	1.1.2.1 Options.py, 1.141, 1.141.2.1","Update of /cvsroot/spambayes/spambayes/spambayes
In directory sc8-pr-cvs8.sourceforge.net:/tmp/cvs-serv26612/spambayes

Modified Files:
      Tag: CORESVR
	Options.py 
Added Files:
      Tag: CORESVR
	CoreUI.py 
Log Message:
Definitely not yet ready for prime time, but need to check this in so I have
something to fall back on.


--- NEW FILE: CoreUI.py ---
""""""Core Web Interface

Classes:
    CoreUserInterface - Interface class for basic (non-plugin) display

Abstract:

This module implements a browser based Spambayes user interface for the
the core server.  Users may use it to interface with various plugins.

The following functions are currently included:
[From the base class UserInterface]
  onClassify - classify a given message
  onWordquery - query a word from the database
  onTrain - train a message or mbox
  onSave - save the database and possibly shutdown
[Here]
  onHome - a home page with various options
  onUpload - upload a message for later training (used by proxytee.py)
[...1030 lines suppressed...]
                    if details[0] != winerror.ERROR_ACCESS_DENIED:
                        raise
                    raise AlreadyRunningException
                # mutex opened - now check if we actually created it.
                if win32api.GetLastError()==winerror.ERROR_ALREADY_EXISTS:
                    win32api.CloseHandle(hmutex)
                    raise AlreadyRunningException
                self.mutex = hmutex
                return
            except ImportError:
                # no win32all - no worries, just start
                pass
        self.mutex = None

    def close_platform_mutex(self):
        """"""Toss out the current mutex.""""""
        if sys.platform.startswith(""win""):
            if self.mutex is not None:
                self.mutex.Close()
        self.mutex = None

Index: Options.py
===================================================================
RCS file: /cvsroot/spambayes/spambayes/spambayes/Options.py,v
retrieving revision 1.141
retrieving revision 1.141.2.1
diff -C2 -d -r1.141 -r1.141.2.1
*** Options.py	26 Mar 2007 07:57:13 -0000	1.141
--- Options.py	18 May 2007 03:54:39 -0000	1.141.2.1
***************
*** 653,656 ****
--- 653,671 ----
       PATH, DO_NOT_RESTORE),
  
+     (""core_spam_cache"", _(""Spam cache directory""), ""core-spam-cache"",
+      _(""""""Directory that SpamBayes should cache spam in.  If this does
+      not exist, it will be created.""""""),
+      PATH, DO_NOT_RESTORE),
+ 
+     (""core_ham_cache"", _(""Ham cache directory""), ""core-ham-cache"",
+      _(""""""Directory that SpamBayes should cache ham in.  If this does
+      not exist, it will be created.""""""),
+      PATH, DO_NOT_RESTORE),
+ 
+     (""core_unknown_cache"", _(""Unknown cache directory""), ""core-unknown-cache"",
+      _(""""""Directory that SpamBayes should cache unclassified messages in.
+      If this does not exist, it will be created.""""""),
+      PATH, DO_NOT_RESTORE),
+ 
      (""cache_messages"", _(""Cache messages""), True,
       _(""""""You can disable the pop3proxy caching of messages.  This

_______________________________________________
Spambayes-checkins mailing list
pnperxdpv-sarswdlp@python.org
http://mail.python.org/mailman/listinfo/spambayes-checkins


",0,1
CEAS_08,Earnest Ouellette <akstcamazeliamnsdgs@amazelia.com>,Exclusive Narcotic Alternatives,"
Flawless Medical Offers

http://thatiswhat.spaces.live.com/default.aspx

 texts. If you've read a 
 texts. If you've read a 

Maria H., New York


",1,1
CEAS_08,Martijn van Otterlo <xvviyij@cs.utwente.nl>,[UAI] BeNeLearn 2005 1st Call for Papers,"            First CALL FOR PAPERS

        Fourteenth Dutch-Belgian Conference on Machine Learning
                        Benelearn 2005

                   Enschede, 17-18 February, 2005

           http://hmi.ewi.utwente.nl/conference/benelearn2005



Benelearn is the annual machine learning conference of Belgium and
The Netherlands. It serves as a forum for researchers in this field to
exchange ideas and present recent work. The official language of the
conference is English. Benelearn 2005 will be organized by the Human
Media Interaction (HMI) Group of the Faculty of Electrical Engineering,
Mathematics and Computer Science (EEMCS) at the University of Twente
in the Netherlands.

Benelearn wants to broaden its focus to disciplines that are closely
related to Machine Learning. Therefore, we invite papers relevant to
machine learning and related disciplines in the broadest sense,
especially papers that cross borders between disciplines, for example
in bioinformatics and machine learning in multi-modal interaction.
Possible paper topics include, but are not limited to:

   Kernel Methods                     Decision-Theoretic Planning
   Bayesian Networks                  Case-based Learning
   Computational Learning Theory      Data Mining
   Evolutionary Computation           Hybrid Learning Systems
   Graphical Models                   Inductive Learning
   Inductive Logic Programming        Knowledge Discovery in Databases
   Language Learning                  Learning and Problem Solving
   Learning by Analogy                Learning in Multi-Agent Systems
   Learning in Dynamic Domains        Learning to/for Search
   Multistrategy Learning             Neural Networks
   Reinforcement Learning             Robot Learning
   Scientific Discovery               Meta-Learning
   Statistical Methods                Probabilistic Logic Learning     
   Applications of Machine Learning, e.g.
      Bioinformatics
      Multi-Modal Interaction
      Speech & Language Processing
      Robotics
      Web/Link Mining
      Computer Games

Papers are limited to 8 pages (using a 11pt Times Roman font),
including figures, title page, references, and appendices. Style files
can be downloaded from the conference web site. The papers will be
primarily refereed on their relevance to the conference, and according
to clarity and overall quality criteria.

Email submissions are strongly preferred. Please send a PostScript or
PDF file to qhcbeoukt01@ewi.utwente.nl

Important Dates:
  Deadline for submissions:  3 December, 2004
  Notification of acceptance: 7 January, 2005
  Final version: 1 February, 2005
  Conference: 17-18 February, 2005

Organizing Committee:
  Martijn van Otterlo
  Mannes Poel
  Anton Nijholt

Program Committee (confirmed):
  H. Bersini, Université Libre de Bruxelles
  H. Blockeel, K.U. Leuven
  W. Daelemans, Universiteit Antwerpen (UIA)
  B. De Baets, Universiteit Gent
  B. De Moor, K.U. Leuven
  P. Dupont, Université catholique de Louvain
  A. Feelders, Universiteit Utrecht
  P. Flach, University of Bristol
  M. Hutter, Istituto Dalle Molle di Studi sull'Intelligenza Artificiale
  T. Lenaerts, Université Libre de Bruxelles
  B. Naudts, Universiteit Antwerpen (RUCA)
  A. Nowé, Vrije Universiteit Brussel
  M. Pantic, Universiteit Delft
  E. Postma, Universiteit Maastricht
  S. ten Hagen, Universiteit van Amsterdam
  D. Thierens, Universiteit Utrecht
  M. Van Someren, Universiteit van Amsterdam
  N. Vlassis, Universiteit van Amsterdam
  M. Wiering, Universiteit Utrecht
 
Invited Speakers (confirmed)
  Samy Bengio, IDIAP, Martigny, Switzerland
  Kristian Kersting, Albert-Ludwigs University of Freiburg, Germany

For further information, please contact
  qhcbeoukt01@ewi.utwente.nl
Or see the conference web site at
  http://hmi.ewi.utwente.nl/conference/benelearn2005


",0,1
CEAS_08,Jeffry Rich <KendrickgabardineBlackwell@docbook.org>,No Pumps! No Surgery! No Exercises! ,"
Increase both your thickness and length within a few short weeks - women simply love it when you have a large manhood. 

Many surveys have shown that ladies prefer their man to have a huge manhood.

http://fronthigh.com/


",1,1
CEAS_08,Michael W Cocke <xqldp@catherders.com>,Re: flooded with jr* spam,"On Thu, 07 Feb 2008 12:51:51 +0100, you wrote:

>Michael W Cocke wrote:
>
>> 
>> They use DHCP.  Netops has to trace it, and I seem to be about 5Kth on
>> the list.    Ironic as hell, considering the effort I put into
>> avoiding MIT netops about 20 years ago.
>
>But you should be able to run tcpdump locally on your own machine? 
>Unless the addresse changes rapidly, you catch one such ICMP then
>report the IP to your netops guys. 
>
>
>/Per Jessen, Zürich


All that shows is their external address.  They use NAT.  Anyway, it's
academic - netops seems to have found it and pulled it offline.

Mike-
--
If you're not confused, you're not trying hard enough.
--
Please note - Due to the intense volume of spam, we have installed 
site-wide spam filters at catherders.com.  If email from you bounces,
try non-HTML, non-encoded, non-attachments,


",0,0
CEAS_08,CNN Alerts <lanchier@blairtechnology.com>,CNN Alerts: My Custom Alert,"

CNN Alerts: My Custom Alert






 



Alert Name: My Custom Alert
I will die if you do not help me now

Fri, 8 Aug 2008 18:36:55 +05-30

FULL STORY



You have agreed to receive this email from CNN.com as a result of your CNN.com preference settings.
To manage your settings click here.
To alter your alert criteria or frequency or to unsubscribe from receiving custom email alerts, click here.


Cable News Network. One CNN Center, Atlanta, Georgia 30303
© 2008 Cable News Network.
A Time Warner Company
All Rights Reserved.
View our privacy policy and terms.






",1,0
CEAS_08,Ned Delaney <dwvalericm@valeric.com>,Forget about  ED .,"






         Today men  with ED may relax and have satisfactory sex any time they want. The secret of their success is the safe and effective treatment used by millions of men worldwide. Check our site for more information. 
_Have a great  sex life .



",1,0
CEAS_08,Loretta Fisher <lavina.danby@wiwi.uni-wuppertal.de>,Thin,"
Hello, man.

Loss Weight Without Feeling Hungry! Hoodia Gordonii provides a good, natural approach to weight loss.
Hoodia has been featured on CNN, BBC, OPRAH and CBS 60 Minutes as the Miracle Weight Loss Supplement of the new century!

Here - http://www.400epillz7k.cn

Good Bye.


",1,1
CEAS_08,Jocelyn Lewis <dwunidam@unida.at>,Please be informed that you should be extremely careful choosing method .,"






  Satisfy your lover like never before ! 
 When you come to  conclusion that you need to enlarge your size, the most important thing  is to find safe and effective way to do it. Once you tried 100 % safe  VPXL, you'll never look for other methods or devices. 
 Guaranteed results  with VPXL  will exceed your expectations. All you have to fill the ordering form and rely on our excellent service. We work fast to deliver your orders on time and in perfect condition.
Regardless of age,  VPXL  will help to achieve incredible results. - Click Here!




",1,0
CEAS_08,Guido van Rossum <hoauf@python.org>,Re: [Python-Dev] Trove classifiers,"On Thu, Mar 20, 2008 at 9:43 AM, Fred Drake  wrote:
> On Mar 20, 2008, at 11:55 AM, Oleg Broytmann wrote:
>  >   Yes, exactly. Eric Raymond claims to be the inventor, but there are
>  > different voices against him:
>  > http://damagestudios.net/blog/2005/08/15/sourceforge-founders
>
>
>  That contests that Raymond was an ""architectural granddaddy of
>  SourceForge"", not that he invented Trove.  My understanding is that he
>  did start the efforts to define the Trove classifiers as part of a
>  larger effort that never panned out, but that defining the classifiers
>  was not a solo effort.

That's my recollection too.

And yes, Eric would like to have invented open source. :-)

-- 
--Guido van Rossum (home page: http://www.python.org/~guido/)
_______________________________________________
Python-Dev mailing list
zvllln-eum@python.org
http://mail.python.org/mailman/listinfo/python-dev
Unsubscribe: http://mail.python.org/mailman/options/python-dev/python-dev%40tangomu.com


",0,1
CEAS_08,Good In Bed Due To Drugs <psgipson@tradingmusician.com>,Online Drugstore Announce Discounts,"On our behalf, we can advise you one of such pharmacies - Canadian Healthcare. This e-shop is famous for the permanent generic quality of the products offered and the prices that are significantly lower even than those of one-day e-shop dealing with fake medications.

100% safety at the lowest price youve ever seen. Only generic drugs on sale.
http://mineintuition.com

Absolutely legal, licensed and CHEAP pills at your choice. Confidential purchase. Instant shipping.",1,1
CEAS_08,Kris Deugau <wgkurip@vianet.ca>,"Re: ""Nice girl like to chat"" spam","ItsMikeE wrote:
> For some time now I have been getting spams that look like
> ""Hello! I am tired this evening. I am nice girl that would like to chat with
> you. Email me at uarc@domain.info only, because I am using my friend's email
> to write this. To see my pics""
> 
> They are still not being picked up, despite me passing them to be learnt for
> the bayes DB.
> 
> Has anyone written a rule to filter these out?

I've actually been running this set of 5 rules on several of the ISP 
mail systems I've got my fingers in (watch for line wrap, sorry):

# ""Nice girl"" wants to send pics, but only if you email the address in 
the body
# start scoring at .5, see how that whacks'em.
body NICE_GIRL_01       /Hello! I am (?:bored|tired) (?:today|this 
(?:afternoon|evening)|tonight)\\./
describe NICE_GIRL_01   Nice girls don't spam
score NICE_GIRL_01      0.8
body NICE_GIRL_02       /I am nice girl that would like to chat with you\\./
describe NICE_GIRL_02   Nice girls don't spam
score NICE_GIRL_02      0.8
body NICE_GIRL_03       /Email me at [^\\s]{,74} only, because I am 
writing not from my personal email\\./
describe NICE_GIRL_03   Nice girls don't spam
score NICE_GIRL_03      0.8
# not actually the same spam, but same class/type
body NICE_GIRL_04       /I will respond right away and send a pic and 
some of my info right away/
score NICE_GIRL_04      0.8
describe NICE_GIRL_04   Nice girls don't spam
body NICE_GIRL_05       /Reply to  me and tell me about yourself if you 
want to chat/
score NICE_GIRL_05      0.8
describe NICE_GIRL_05   Nice girls don't spam

I've also bumped BAYES_99 to 4.8 (and IIRC bumped scores on BAYES_90 and 
BAYES_95 as well).  For some reason I've been too lazy to bother 
tracking down, I usually only see two rules hitting on these messages - 
more than enough to push them over the stock threshold of 5 (I've found 
it better to tune rules and Bayes than fiddle with the threshold score).

-kgd


",0,0
CEAS_08,Bryon Velasquez <retriever5@sblhs.org>,InternetPricesViagraProductList,"
NewProductsPhentrimineOrderNow
http://n6pzqq.bay.livefilestore.com/y1p2qUZueD4W3x6-OSJbkVZ_6N10NN7X6-G_Y6x0nTM_m-leOKTb9HgLie5hoUNxVhkg_z05ou1bc1ent2QieDwJA/index.html


",1,1
CEAS_08,David Abrahams <wqbf@boost-consulting.com>,[spambayes-dev] PING?,"
on Sun Jul 29 2007, David Abrahams  wrote:

> My analysis is as follows: HammieFilter.close (in sb_filter.py) jumps through
> all sorts of hoops to remember the mode in which the DB was opened, and
> avoid calling store() if it was only opened for read.  
>
>     def close(self):
>         if self.h is not None:
>             if self.mode != 'r':
>                 self.h.store()
>             self.h.close()
>         self.h = None
>
> So it sorta looks like Tony's patch was applied.
>
> However, Hammie.close (in hammie.py) just barrels ahead and calls
> store() unconditionally...
>
> I'm not sure what the right fix here would be.  Keep HammieFilter from
> calling Hammie.close() when the DB was not opened for write?  Sink the
> close/store/mode-checking logic from HammieFilter into Hammie itself?
> Something else?

I'm happy to submit a patch, but I want to make sure it makes sense.
Can I get some guidance about the intended approach, please?

Thanks,

-- 
Dave Abrahams
Boost Consulting
http://www.boost-consulting.com

The Astoria Seminar ==> http://www.astoriaseminar.com

_______________________________________________
spambayes-dev mailing list
bsfegmjrr-hnq@python.org
http://mail.python.org/mailman/listinfo/spambayes-dev


",0,1
CEAS_08,Daily Top 10 <Miro-pouch's@yourfindonline.com>,CNN.com Daily Top 10,">+=+=+=+=+=+=+=+=+=+=+=+=+=+=+=+=+=+=+=+=+=+=+=+=+=+=+=+=+=+= >THE DAILY TOP 10 >from CNN.com >Top videos and stories as of: Aug  1, 2008  3:58 PM EDT >+=+=+=+=+=+=+=+=+=+=+=+=+=+=+=+=+=+=+=+=+=+=+=+=+=+=+=+=+=+= TOP 10 VIDEOS 1. MOM PARTIES AT A CLUB http://www.cnn.com/video/partners/email/index.html?url=/video/crime/2008/08/05/ng.mom.pics.cnn Nancy Grace has new photos of Casey Anthony partying at a nightclub after her daughter Caylee vanished. 2. WOMAN'S COMPUTER SPIES ON HER http://www.cnn.com/video/partners/email/index.html?url=/video/tech/2008/08/05/pkg.webcam.spying.wcjb 3. TIGERS ATTACK TEEN AT ZOO http://www.cnn.com/video/partners/email/index.html?url=/video/us/2008/08/05/wuellner.tiger.attacks.teen.kytv 4. MISTRESS TESTIFIES IN TRIAL http://www.cnn.com/video/partners/email/index.html?url=/video/crime/2008/08/05/sot.love.triangle.zammitti.cnn 5. MAN CALLS 911 OVER SANDWICH http://www.cnn.com/video/partners/email/index.html?url=/video/crime/2008/08/05/spivey.911.call.sandwich.wtlv 6. JOHN 'JUNIOR' GOTTI ARRESTED http://www.cnn.com/video/partners/email/index.html?url=/video/us/2008/08/05/ny.gotti.jr.handcuffs.cnn 7. PASSENGERS SLIDE FROM PLANE http://www.cnn.com/video/partners/email/index.html?url=/video/us/2008/08/05/vo.aa.plane.evacuated.KTLA 8. PLANE EVACUATES PASSENGERS http://www.cnn.com/video/partners/email/index.html?url=/video/us/2008/08/05/nr.beeper.ca.plane.evacuate.cnn 9. PIPELINE FIRM HELPS SAVE GAS http://www.cnn.com/video/partners/email/index.html?url=/video/tech/2008/08/05/marciano.pipeline.telecommuting.cnn 10. 125,000 GORILLAS FOUND http://www.cnn.com/video/partners/email/index.html?url=/video/world/2008/08/05/vo.congo.gorilla.WCS TOP 10 STORIES 1. SMOKE FORCES EMERGENCY LANDING http://www.cnn.com/2008/US/08/05/emergency.landing/index.html Passengers evacuate an American Airlines jet by inflatable slides after an emergency landing at Los Angeles' airport, an official says. 2. HOPES FOR GORILLA SURVIVAL BOOSTED http://www.cnn.com/2008/WORLD/africa/08/05/congo.gorillas/index.html 3. STAY-AT-HOME WIVES WITHOUT KIDS http://www.cnn.com/2008/LIVING/wayoflife/08/05/lw.nokids.nojob.wives/index.html 4. COMMENTARY: IMMIGRANT SANCTUARIES http://www.cnn.com/2008/POLITICS/08/04/navarrette.immigration/index.html 5. FREEMAN RECOVERING AFTER SURGERY http://www.cnn.com/2008/SHOWBIZ/Movies/08/05/people.morgan.freeman.ap/index.html 6. JOHN ""JUNIOR"" GOTTI ARRESTED http://www.cnn.com/2008/CRIME/08/05/gotti.arrest/index.html 7. TOXIN DIMS HOPES FOR MARS LIFE http://www.cnn.com/2008/TECH/space/08/04/nasa.mars/index.html 8. THE LURE OF THE R-RATED COMEDY http://www.cnn.com/2008/SHOWBIZ/Movies/08/05/film.rrated.comedies.ap/index.html 9. STARBUCKS OFFERS AFTERNOON DEAL http://www.cnn.com/2008/US/08/05/starbucks.deal.ap/index.html 10. EDOUARD MAKES LANDFALL http://www.cnn.com/2008/US/weather/08/05/tropical.weather/index.html CNN, The Most Trusted Name in News >    Cable News Network LP, LLLP.                       < >    One CNN Center, Atlanta, Georgia 30303             < >    2008 Cable News Network LP, LLLP.                  < >    A Time Warner Company.                             < >    All Rights Reserved.                               < ========================================================= =   Please send comments or suggestions by going to     = =           http://www.cnn.com/feedback/                = =                                                       = =      Read our privacy guidelines by going to          = =         http://www.cnn.com/privacy.html               = ========================================================= You have agreed to receive this email from CNN.com as a result of your CNN.com preference settings. To manage your settings, go to: http://www.cnn.com/linkto/bn.manage.html To unsubscribe from the Daily Top 10, go to http://cgi.cnn.com/m/clik?e=abbb6ddee5a0d9ad89cc00ad3299b218@gvc.ceas-challenge.cc&l=cnn-dailytop10",1,1
CEAS_08,Constant Brouerius van Nidek <tskfjdim@indo.net.id>,[opensuse] Grub will not boot my 10.2,"My grub produced by Opensuse 10.3 shows five choices.
Windows XP, Drdos, Suse 10.2 and Suse 10.3 and its Failsafe choice.
When I choose Suse 10.2 I should get the original menulist from 10.2 with 
similar choices.
Up to an update (cannot remember when that was) everything worked as expected. 
Now if I choose Opensuse10.2 I end up without this 10.2 menu and what makes it 
worse, on Drdos. I have checked the menulist from 10.3 which looks okay.
For 10.2  it shows: 

 (root (hd0,6)) 
configfile /boot/grub/menu.lst

The last sentence is repeated 6 times (?) but reducing it to one time does not 
improve the booting.
I have checked the 10.2 partition and the menulist is there with the usual 
input.   
How can I get my 10.2 back?
Whether a faulty partition information has anything to do with this problem, I 
do not know.
All my partitions except swap are mentioned as Linux native (0x83 Linux) and 
Yast partitioner is not able or willing to change these partitions into FAT32 
and NTFS. If I know where this info is kept I would change it with an editor.


",0,0
CEAS_08,"""\\""Martin v. Löwis\\"""" <qpnysl@v.loewis.de>",Re: [Python-3000] RELEASED Python 2.6a1 and 3.0a3,"> Thanks for fixing these Martin!

I have now also uploaded signed MSI files for 3.0a3.

I have not tested them on a machine which doesn't have the
VS 2008 CRT installed (as all the machines I can access
right now do have it); please report what works and what
doesn't.

Regards,
Martin
_______________________________________________
Python-3000 mailing list
smsbmo-9552@python.org
http://mail.python.org/mailman/listinfo/python-3000
Unsubscribe: http://mail.python.org/mailman/options/python-3000/python-3000%40tangomu.com


",0,1
CEAS_08,Daily Top 10 <balcita_1967@melonjello.com>,CNN.com Daily Top 10,">+=+=+=+=+=+=+=+=+=+=+=+=+=+=+=+=+=+=+=+=+=+=+=+=+=+=+=+=+=+= >THE DAILY TOP 10 >from CNN.com >Top videos and stories as of: Aug  1, 2008  3:58 PM EDT >+=+=+=+=+=+=+=+=+=+=+=+=+=+=+=+=+=+=+=+=+=+=+=+=+=+=+=+=+=+= TOP 10 VIDEOS 1. PARIS HILTON TAKES ON MCCAIN http://www.cnn.com/video/partners/email/index.html?url=/video/politics/2008/08/06/wynter.paris.hilton.ad.cnn Paris Hilton swings back at Republican presidential candidate John McCain. Kareen Wynter reports. 2. BIKINI BARISTA STAND CLOSED http://www.cnn.com/video/partners/email/index.html?url=/video/living/2008/08/06/pkg.bikini.baristas.barred.kiro 3. TOT GRANDMA REACTS TO CHARGES http://www.cnn.com/video/partners/email/index.html?url=/video/crime/2008/08/06/grace.mom.charged.cnn 4. MAGGOTS: THE NEW ANTIBIOTIC? http://www.cnn.com/video/partners/email/index.html?url=/video/health/2008/08/06/mcginty.uk.maggot.antibiotic.itn 5. ON YOUR MARK, GET SET, FLOAT! http://www.cnn.com/video/partners/email/index.html?url=/video/living/2008/08/06/vo.in.balloon.race.wxin 6. 'LOVE TRIANGLE MURDER' http://www.cnn.com/video/partners/email/index.html?url=/video/crime/2008/08/06/dcl.london.in.session.trial.update.insession 7. TERI GARR'S DECADES OF HIDING http://www.cnn.com/video/partners/email/index.html?url=/video/health/2008/08/06/gupta.teri.garr.cnn 8. FAKE SEX AD DRAWS LAWSUIT http://www.cnn.com/video/partners/email/index.html?url=/video/tech/2008/08/06/dnt.wa.sex.ad.lawsuit.komo 9. 'WE NEED AN ECONOMIC SURGE' http://www.cnn.com/video/partners/email/index.html?url=/video/politics/2008/08/06/sot.mccain.econo.surge.cnn 10. OBAMA GOT HIT IN THE HEAD? http://www.cnn.com/video/partners/email/index.html?url=/video/politics/2008/08/06/sot.obama.asked.why.running.cnn TOP 10 STORIES 1. N. DAKOTA'S REAL-LIFE JED CLAMPETT http://www.cnn.com/2008/LIVING/wayoflife/08/05/oil.boomtown/index.html In the midst of a N. Dakota oil boom, a man born during the Great Depression is making a fortune after striking oil on his property. 2. OBAMA'S UPHILL POLLING BATTLE http://www.cnn.com/2008/POLITICS/08/06/obama.polls/index.html 3. D.A.: SEX CASE ABOUT 'PURE EVIL' http://www.cnn.com/2008/CRIME/08/06/sex.club.trial.ap/index.html 4. ANOTHER SIDE OF AMY RAY http://www.cnn.com/2008/SHOWBIZ/Music/08/06/amy.ray/index.html 5. COMMENTARY: BILL CLINTON'S UPSET http://www.cnn.com/2008/US/08/06/martin.billclinton/index.html 6. WOMEN DRIVEN TO DONATE EGGS http://www.cnn.com/2008/HEALTH/08/05/selling.eggs/index.html 7. ANTHRAX SUSPECT CALLED MISLEADING http://www.cnn.com/2008/CRIME/08/06/anthrax.case/index.html 8. MOUNTAIN LION IN BEDROOM KILLS DOG http://www.cnn.com/2008/US/08/06/mountain.lion.ap/index.html 9. REPORTS: MISTAKES DOOMED UTAH MINE http://www.cnn.com/2008/US/08/06/utah.mine.anniv.ap/index.html 10. BIN LADEN'S FORMER DRIVER GUILTY http://www.cnn.com/2008/CRIME/08/06/hamdan.trial/index.html CNN, The Most Trusted Name in News >    Cable News Network LP, LLLP.                       < >    One CNN Center, Atlanta, Georgia 30303             < >    2008 Cable News Network LP, LLLP.                  < >    A Time Warner Company.                             < >    All Rights Reserved.                               < ========================================================= =   Please send comments or suggestions by going to     = =           http://www.cnn.com/feedback/                = =                                                       = =      Read our privacy guidelines by going to          = =         http://www.cnn.com/privacy.html               = ========================================================= You have agreed to receive this email from CNN.com as a result of your CNN.com preference settings. To manage your settings, go to: http://www.cnn.com/linkto/bn.manage.html To unsubscribe from the Daily Top 10, go to http://cgi.cnn.com/m/clik?e=email1861@gvc.ceas-challenge.cc&l=cnn-dailytop10",1,1
CEAS_08,"""CNET News.com Alerts"" <ehqw-xpltvm@news-alerts.cnet.com>",RIM notifies of 'critical' BlackBerry outage | CNET News.com Alert ,"


CNET spam filtering alert | CNET News.com Alert





















Manage your alerts |
Create alerts |
Send us feedback







RIM notifies of 'critical' BlackBerry outage
Monday February 11, 2008 02:18PM PST
Research In Motion warns customers of a severe infrastructure outage of its e-mail service on Monday. Read the complete story
Get more CNET spam filtering alert news
Visit CNET News.com






  Options and Help





Cancel future alerts for CNET spam filtering alert
Manage your alerts | Create alerts
Change the e-mail address for your alerts
Send us feedback








Copyright 2008 CNET Networks, Inc. All rights reserved.
CNET Networks, Inc.
235 2nd Street
San Francisco, CA 94105
U.S.A.









",0,0
CEAS_08,Christoph Beierle <vjetrzykk.ypiyspb@FernUni-Hagen.de>,[UAI] CfP:  Dynamics of Knowledge and Belief,"*************************************************************************
                         Call for papers:

                  Dynamics of Knowledge and Belief
 
                        Workshop at KI-2007,
   30th Annual German Conference on Artificial Intelligence, 
                         September 10, 2007
              http://www.fernuni-hagen.de/wbs/dynamics07
                             
*************************************************************************

Knowledge Representation is one of the major topics in AI. Its concerns
are (logical) formalisms and reasoning, with the intention to explore and
model the basics of intelligent behaviour. In recent years, intelligent
agents in the contexts of open environments and multi agent systems have
become the leading paradigm of the field. Consequently, modern KR methods
have to deal not only with static scenarios, but also with dynamic
modifications in knowledge and belief, due to uncertain or incomplete
information, or to changes in the environment. Moreover, agents are often
expected to learn from past experiences, or to  interact with other
agents, making use of their knowledge and adjusting their beliefs during
argumentation. 

The focus of this workshop is on dynamic processes concerning any changes
that an agent's state of knowledge and belief may undergo. Modelling the
continuous cycle of acquiring and applying  knowledge is of particular
interest, so work on relating learning and knowledge representation will
be considered particularly useful. Moreover, the effects of belief changes
on the agent's decisions and behaviour is also within the scope of the
workshop.
   
We welcome papers on the following and any related topics: 
     * Belief revision and belief update
     * Nonmonotonic reasoning
     * Learning and knowledge discovery in data
     * Argumentation theories
     * Decision theory and preferences
     * Action and change
 
Important Dates:
----------------
     Deadline for Submission:    June 6, 2007
     Notification of Authors:    July 16, 2007
     Final Versions of Papers:   July 30, 2007
     Workshop:                   September 10, 2007

Workshop Organizers and Co-Chairs:
----------------------------------
     Gabriele Kern-Isberner, Universität Dortmund
     Christoph Beierle, FernUniversität in Hagen
  
Program Committee:
------------------
     Gerd Brewka         Universität Leipzig
     James P. Delgrande  Simon Fraser University
     Jürgen Dix          TU Clausthal-Zellerfeld
     Didier Dubois       Universite Paul Sabatier, Toulouse
     Thomas Eiter        TU Wien
     Esra Erdem          Sabanci University, Istanbul
     Christopher Habel   Universität Hamburg
     Andreas Herzig      Universite Paul Sabatier, Toulouse
     Anthony Hunter      University College London
     Manfred Jaeger      Aalborg University
     Gerhard Lakemeyer   RWTH Aachen
     Jerome Lang         Universite Paul Sabatier, Toulouse
     Bernhard Nebel      Albert-Ludwigs-Universität Freiburg
     Torsten Schaub      Universität Potsdam
     Guillermo Simari    Universidad Nacional del Sur, Bahia Blanca
     Gerhard Weiss       Software Competence Center Hagenberg

Paper Submission and Publication:
---------------------------------
Paper format and submission details are available at
     http://www.fernuni-hagen.de/wbs/dynamics07

**************************************************************************
",0,1
CEAS_08,Don Wu <tell@cum.qc.ca>,From Don Wu,"






Inst chy ant Online Payday Loans Fa ba st C xz as zlc h Payday Loans ...

Our secure online process lets you apply from East Coast 
to the West Coast or anywhere in between and get online 
approval for Fast Cash Payday Loans.


http://loanfinanc.com



",1,1
CEAS_08,nc <el@lazybird.co.uk>,[UAI] CFP: AICS05,"CALL FOR PAPERS
ARTIFICIAL INTELLIGENCE and COGNITIVE SCIENCE
7th-9th September 2005
http://www.ulster.ac.uk/aics05

Apologies for cross posting

The 16th Irish conference on Artificial Intelligence and Cognitive Science
(AICS05) will be hosted by the School of Computing and Information
Engineering, University of Ulster.  The conference will take place in the
Marine Hotel in Ballycastle, Co. Antrim.  The AICS conference has taken
place annually since 1988 and provides a forum for the exchange of ideas and
the presentation of results relating to research conducted both in Ireland
and worldwide.
 
Invited Speakers
Noel Sharkey (University of Sheffield)
Mark Shackleton (BT, Pervasive ICT Research Centre)

The Program Committee invites submissions of papers that report original
research, both basic and applied, in the areas of Artificial Intelligence
and Cognitive Science, broadly construed. 
Areas of interest include but are not restricted to: case-based reasoning,
cognitive modelling, constraint processing, machine learning, data mining,
evolutionary computation, intelligent agents, intelligent information
retrieval, knowledge representation & reasoning, game-playing, game AI,
natural language processing, autonomic computing, neural networks,
perception and planning & scheduling.

All accepted papers will be presented at the conference - either orally or
as posters - and included in the conference proceedings. At least one author
of each paper will be required to register for, and attend, the conference.
Authors of selected papers will invited to submit extended versions to be
considered for publication in a special issue of the journal, Artificial
Intelligence Review.  

Submissions should conform to the following requirements:

     be in PDF or postscript format; 
     be in Springer LNCS style ; 
     have a maximum length of 10 pages. 

Submissions should be emailed to cdqo42@ulster.ac.uk with the words ""AICS05
Paper"" in the subject field.

First call for papers issued: 6th February 2005
 
     Submission deadline: 13th May 2005 
     Notification to authors: 15th July 2005
     Camera ready copy due: 1st August 2005
     Early registration deadline: 1st August 2005
     Conference: 7th-9th September 2005
 
Programme Chair: Norman Creaney

Programme Committee 
 
Michaela Black (University of Ulster) 
Derek Bridge (University College Cork) 
Ken Browne (University College Cork) 
Ruth Byrne (Trinity College Dublin) 
Arthur Cater (University College Dublin) 
Darryl Charles (University of Ulster) 
Rem Collier (University College Dublin) 
Brian Crean (Galway-Mayo IT) 
Norman Creaney (University of Ulster) 
Fred Cummins (University College Dublin) 
Padraig Cunningham (Trinity College Dublin) 
Kevin Curran (University of Ulster) 
John Dunnion (University College Dublin) 
Malachy Eaton (University of Limerick) 
Colin Fyfe (University of Paisley) 
Josephine Griffith (NUI Galway) 
Ray Hickey (University of Ulster) 
Liadh Kelly (Athlone IT) 
Paul Piwek (University of Brighton) 
James Reilly (University College Dublin) 
Stephen Sheridan (IT Blanchardstown) 
Barry Smyth (University College Dublin) 
Michael Madden (NUI Galway) 
Eleni Mangina (University College Dublin) 
Paul Mc Kevitt (University of Ulster) 
David McSherry (University of Ulster) 
Kevin McCarthy (University College Dublin) 
Lorraine McGinty (University College Dublin) 
Stephen McGlinchey (University of Paisley) 
Michael McTear (University of Ulster) 
Conor Muldoon (University College Dublin) 
Eamonn Newman (University College Dublin) 
Greg O'Hare (University College Dublin) 
Gearóid.Ó Néill (University of Limerick) 
Diarmuid O'Donoghue (NUI Maynooth) 
Michael O'Grady (University College Dublin) 
Ciaran O'Leary (Dublin IT) 
Michael O'Neill (University of Limerick) 
Ian O'Neill (Queens University Belfast) 
Colm O'Riordan (NUI Galway) 
Barry O'Sullivan (University College Cork) 
Richard Sutcliffe (University of Limerick) 
Marc van Dongen (University College Cork) 
Josef van Genabith (Dublin City University) 
Carl Vogel (Trinity College Dublin) 
Ray Walshe (Dublin City University)


",0,1
CEAS_08,Helen Ayele <hesoqq79@gmail.com>,[SM-DEVEL] SubFolders untranslated,"Hi Everybody,
my squirrelmail version is  squirrelmail-1.4.13  i can't translate the
INBOX.Sent, INBOX.Drafts and INBOX.Trash  found the left frame of the main
window.  everything is translated except those words and they are not
included in the squirrelmail.pot also. i have tried to include in my
translation strings still the result is the same. please please help me.

Thanks in advance,

Helen
",0,0
CEAS_08,"""SearchSQLServer.com"" <tnmveanucfqwamy@lists.techtarget.com>",New White Paper: Improve performance with business intelligence and data warehousing,"Dear SearchSQLServer.com member,

Dell Solutions for SQL Server 2005 are designed to simplify
operations, improve utilization and cost-effectively scale as your
needs grow over time. This performance white paper illustrates the
efficiencies of deploying SQL Server 2005 Business Intelligence and
Data Warehousing solutions on Dell PowerEdge servers and Dell
PowerVault MD1000 storage arrays. 

Click here to learn more:
http://go.techtarget.com/r/3059876/2079970

~~~~~~~~~~~~~~~~~~~~~~~~~~~~~~~~~~~~~~~~~~~~~~~~~~~~~~~~~~~~~~~~~~~~
ABOUT THIS FEATURED WHITE PAPER SPONSORED BY: Dell, Inc
~~~~~~~~~~~~~~~~~~~~~~~~~~~~~~~~~~~~~~~~~~~~~~~~~~~~~~~~~~~~~~~~~~~~
Dell PowerEdge servers and Dell PowerVault storage systems are ideal
choices to deploy highly available and enterprise mission critical
Microsoft SQL Server 2005 Data Warehouses for Business Intelligence
technologies. The focus of this white paper is to document the
results of performance testing for the Dell/Microsoft Business
Intelligence and Data Warehousing reference configurations. Using a
simulated database of 1.8 terabytes, tests were performed, including
I/O stress, index creation of a table of five billion rows,
concurrent query loading and backup and recovery timings. The
methodology and results of these tests are documented in this white
paper.

Download this white paper today:
http://go.techtarget.com/r/3059877/2079970

~~~~~~~~~~~~~~~~~~~~~~~~~~~~~~~~~~~~~~~~~~~~~~~~~~~~~~~~~~~~~~~~~~~~
SEARCHSQLSERVER.COM WHITE PAPER LIBRARY
~~~~~~~~~~~~~~~~~~~~~~~~~~~~~~~~~~~~~~~~~~~~~~~~~~~~~~~~~~~~~~~~~~~~
Browse hundreds of white papers by author, keyword or topics.
Visit the SearchSQLServer.com White Paper Library today: 
http://go.techtarget.com/r/3059878/2079970

___________________________________________________________________
ABOUT THIS E-NEWSLETTER
This e-newsletter is published by SearchSQLServer.com, a targeted Web
site from TechTarget, the IT Media ROI Experts.  TechTarget offers
magazines, Web sites, e-newsletters, Webcasts and conferences for
enterprise IT professionals. 

Copyright 2008 TechTarget. All rights reserved.

____________________________________________________________________

To unsubscribe from ""White Paper Alerts"":

Go to unsubscribe: http://SearchSQLServer.techtarget.com/u?em=tjm%40cognosys.net&uid=2079970&cid=623575&track=NL-411

Please note, unsubscribe requests may take up to 24 hours to process;
you may receive additional mailings during that time. A confirmation
e-mail will be sent when your request has been successfully
processed.

Contact us:
SearchSQLServer
Member Services
117 Kendrick Street, Suite 800
Needham, MA 02494


",0,1
CEAS_08,Mindy Hutchison <Mindy@axa.de>,Satisfy your woman?s craving easily,"What we offer is a reliable way of masculine power enhancement!
Don't wait anymore to implement these changes!
http://placefall.com/


Boom/bust sequences are pronecannot possibly discountSometimes, the divergence was large and not self-correcting. This",1,1
CEAS_08,Margaret Nance <gerich@hispanicmusic.com>,Katerina age 29 -on dating ,"+++++++++++++++++++++++++++++++++
Dating
Katerina age 29  From: Logan, Utah, United States of America:
http://hucyjedokeku.narod.ru/?q=ypH6d7v2XiBjws

==========================================






























",1,1
CEAS_08,Daily Top 10 <eenytnys@fhcmo.org>,CNN.com Daily Top 10,">+=+=+=+=+=+=+=+=+=+=+=+=+=+=+=+=+=+=+=+=+=+=+=+=+=+=+=+=+=+= >THE DAILY TOP 10 >from CNN.com >Top videos and stories as of: Aug  1, 2008  3:58 PM EDT >+=+=+=+=+=+=+=+=+=+=+=+=+=+=+=+=+=+=+=+=+=+=+=+=+=+=+=+=+=+= TOP 10 VIDEOS 1. MOM PARTIES AT A CLUB http://www.cnn.com/video/partners/email/index.html?url=/video/crime/2008/08/05/ng.mom.pics.cnn Nancy Grace has new photos of Casey Anthony partying at a nightclub after her daughter Caylee vanished. 2. WOMAN'S COMPUTER SPIES ON HER http://www.cnn.com/video/partners/email/index.html?url=/video/tech/2008/08/05/pkg.webcam.spying.wcjb 3. TIGERS ATTACK TEEN AT ZOO http://www.cnn.com/video/partners/email/index.html?url=/video/us/2008/08/05/wuellner.tiger.attacks.teen.kytv 4. MISTRESS TESTIFIES IN TRIAL http://www.cnn.com/video/partners/email/index.html?url=/video/crime/2008/08/05/sot.love.triangle.zammitti.cnn 5. MAN CALLS 911 OVER SANDWICH http://www.cnn.com/video/partners/email/index.html?url=/video/crime/2008/08/05/spivey.911.call.sandwich.wtlv 6. JOHN 'JUNIOR' GOTTI ARRESTED http://www.cnn.com/video/partners/email/index.html?url=/video/us/2008/08/05/ny.gotti.jr.handcuffs.cnn 7. PASSENGERS SLIDE FROM PLANE http://www.cnn.com/video/partners/email/index.html?url=/video/us/2008/08/05/vo.aa.plane.evacuated.KTLA 8. PLANE EVACUATES PASSENGERS http://www.cnn.com/video/partners/email/index.html?url=/video/us/2008/08/05/nr.beeper.ca.plane.evacuate.cnn 9. PIPELINE FIRM HELPS SAVE GAS http://www.cnn.com/video/partners/email/index.html?url=/video/tech/2008/08/05/marciano.pipeline.telecommuting.cnn 10. 125,000 GORILLAS FOUND http://www.cnn.com/video/partners/email/index.html?url=/video/world/2008/08/05/vo.congo.gorilla.WCS TOP 10 STORIES 1. SMOKE FORCES EMERGENCY LANDING http://www.cnn.com/2008/US/08/05/emergency.landing/index.html Passengers evacuate an American Airlines jet by inflatable slides after an emergency landing at Los Angeles' airport, an official says. 2. HOPES FOR GORILLA SURVIVAL BOOSTED http://www.cnn.com/2008/WORLD/africa/08/05/congo.gorillas/index.html 3. STAY-AT-HOME WIVES WITHOUT KIDS http://www.cnn.com/2008/LIVING/wayoflife/08/05/lw.nokids.nojob.wives/index.html 4. COMMENTARY: IMMIGRANT SANCTUARIES http://www.cnn.com/2008/POLITICS/08/04/navarrette.immigration/index.html 5. FREEMAN RECOVERING AFTER SURGERY http://www.cnn.com/2008/SHOWBIZ/Movies/08/05/people.morgan.freeman.ap/index.html 6. JOHN ""JUNIOR"" GOTTI ARRESTED http://www.cnn.com/2008/CRIME/08/05/gotti.arrest/index.html 7. TOXIN DIMS HOPES FOR MARS LIFE http://www.cnn.com/2008/TECH/space/08/04/nasa.mars/index.html 8. THE LURE OF THE R-RATED COMEDY http://www.cnn.com/2008/SHOWBIZ/Movies/08/05/film.rrated.comedies.ap/index.html 9. STARBUCKS OFFERS AFTERNOON DEAL http://www.cnn.com/2008/US/08/05/starbucks.deal.ap/index.html 10. EDOUARD MAKES LANDFALL http://www.cnn.com/2008/US/weather/08/05/tropical.weather/index.html CNN, The Most Trusted Name in News >    Cable News Network LP, LLLP.                       < >    One CNN Center, Atlanta, Georgia 30303             < >    2008 Cable News Network LP, LLLP.                  < >    A Time Warner Company.                             < >    All Rights Reserved.                               < ========================================================= =   Please send comments or suggestions by going to     = =           http://www.cnn.com/feedback/                = =                                                       = =      Read our privacy guidelines by going to          = =         http://www.cnn.com/privacy.html               = ========================================================= You have agreed to receive this email from CNN.com as a result of your CNN.com preference settings. To manage your settings, go to: http://www.cnn.com/linkto/bn.manage.html To unsubscribe from the Daily Top 10, go to http://cgi.cnn.com/m/clik?e=3df67ec3089b15a57fc2db5c1e75efb2@gvc.ceas-challenge.cc&l=cnn-dailytop10",1,1
CEAS_08,xcvbxx-6997-cjilrrx@python.org,Your message to Python-3000 awaits moderator approval,"Your mail to 'Python-3000' with the subject

    Re: [Python-3000] Strategy for porting to 3.0?

Is being held until the list moderator can review it for approval.

The reason it is being held:

    Post by non-member to a members-only list

Either the message will get posted to the list, or you will receive
notification of the moderator's decision.  If you would like to cancel
this posting, please visit the following URL:

    http://mail.python.org/mailman/confirm/python-3000/e9a9152cf259b3b94ad89cbbf942dd105b2364db


",0,1
CEAS_08,"""Ali A. Ghorbani"" <wsmpuvyu@unb.ca>",[UAI] PST-2005 / FINAL CALL FOR PAPERS,"
----------------------------------------------------------------------------
We apologize if you receive multiple copies of this message
----------------------------------------------------------------------------

FINAL CALL FOR PAPERS

PST'2005, the Third Annual Conference on Privacy, Security and Trust will be 
held on October 12-14, 2005, in St. Andrews , New Brunswick, Canada.

Conference website: http://www.unb.ca/pstnet/pst2005/

This conference is aimed at scientists, educators, business people, 
technologists, futurists, and others who have a vision and an understanding of 
the big challenges (and accompanying advances) that should shape the research 
agenda in privacy, security and trust. The conference features research paper 
presentations, invited keynote speakers, panel discussions and social events.

High-quality papers in all PST related areas (a list of topics is available 
from http://www.unb.ca/pstnet/pst2005/cfp.html) which, at the time of 
submission, are not under review for or have not already been published or 
accepted for publication elsewhere are solicited. Papers exploring new 
directions or areas will receive a careful and supportive review. All submitted 
papers will be reviewed on the basis of technical quality, relevance, 
significance, and clarity. All accepted papers will be published in conference 
proceedings. The best paper awards will be conferred on the authors of the best 
papers at the conference.

Submissions are encouraged as long as 12 pages and should be in the IEEE 
format, with the first page bearing authors' affiliations, names and contact 
details. Details are available at 
http://www.unb.ca/pstnet/pst2005/Submission/Author_Instructions.html
Detailed instructions for online submission are available at
http://www.unb.ca/pstnet/pst2005/Submission/Submission.html

IMPORTANT DATES
===============
      Submission Deadline:		May 1, 2005
      Notification of Acceptance:	July 1, 2005
      Final Manuscript Due:		July 20, 2005
      Conference:			October 12-14, 2005


Program Co-chairs: Ali Ghorbani & Steve Marsh


",0,1
CEAS_08,Christoper Stuart <SangrunawayWynn@mmcontrol.com>,"Produce Stronger, Rock Hard Erections. ","
Size DOES matter - change your life today!

Try it today - you have nothing to lose, just a lot to gain!

http://dayscore.com/


",1,1
CEAS_08,Brett Cannon <liivp@python.org>,Re: [Python-Dev] Duplicate tests,"On Sat, May 3, 2008 at 10:25 AM, Benjamin Peterson
 wrote:
> test_builtin tests most of the builtin types some how or another.  All
>  of these also have complete suites elsewhere in the tests. Shouldn't
>  the tests in test_builtin be moved to the type specific tests?
>

The test duplication issue has been discussed and needs to be
addressed as an overall problem. But in this specific case this sounds
fine to me.

-Brett
_______________________________________________
Python-Dev mailing list
zvllln-eum@python.org
http://mail.python.org/mailman/listinfo/python-dev
Unsubscribe: http://mail.python.org/mailman/options/python-dev/python-dev%40tangomu.com


",0,1
CEAS_08,Jamal Beasley <CurthancockVincent@latimes.com>,"replica Watches! rolex, patek philippe, vacheron ...   ","
Why pay more? Get qualitative replica watches here 

Choice IWC replica watches at Replica Classics   

Find the best replica rolex, Jewelry etc. 

http://fetessteersit.com/


",1,1
CEAS_08,chromatic <khqorjuby@wgz.org>,Re: kurila 1.3 released,"On Friday 12 October 2007 19:10:55 A. Pagaltzis wrote:
> * chromatic  [2007-10-13 00:05]:

> > On Friday 12 October 2007 13:36:50 A. Pagaltzis wrote:

> >> I hate to bring it up, and I’m not particularly fond of
> >> dumping on Perl 6, but compare how that effort is going with
> >> the Python 3000 track record, which took the “internal
> >> refactoring and juggling (and it’s OK to break backcompat)”
> >> approach vs. the “complete retink” approach of Perl 6.

> > Clearly the problem is that Perl 6 has no Daddy Googlebucks
> > funding 20 - 50% of development time.

> Sorry? A single partially-funded developer working for about a
> year is capable of delivering more than all of the volunteer work
> that has gone into Pugs and its multiple backends over several
> years? That’s bogus.
>
> I think it’s rather clearly the problem that with Resources and
> Quality being fixed in place and Time being a free variable, the
> Scope knob is the only one you can turn; and that was obviously
> dialed down a lot on the Py3k project to keep the Time variable
> from exploding.

My point was that Python 3000's Resources knob has settings higher than 1.5, 
which is sadly where the Perl 6 and Perl 5 knobs have been stuck, combined, 
for several years now.

If I count correctly, the only person actually spending any day-job time 
working on Perl 5 or 6 with any official blessing from an employer is Jan.  
Maybe Rafael.

That is not the sole cause of problems with the Perl development process, but 
it's a severe disadvantage.  Even Tcl has a full-time developer.

-- c



",0,0
CEAS_08,Janine Haskins <Janine@fmv.se>,Make your buddies envy,"In a few months you will surprise your gf with your boner as big as life!
Get yourself a tool of the dimension you could not even conjure up!
http://dearbright.com/


attacks and threats do not set back the deployment.""the game go very late before tying the match throughto keep the work.",1,1
CEAS_08,Eric Gonzalez <JoshuatonkWright@bitterfilms.com>,Fast Shipping WorldWide. ,"
Amazing growth within just a few short weeks is possible with this breakthrough! Just two capsules a day, and you can start enjoying a larger, more powerful you. 

Just 2 pills a day, for incredible and quick gains in length and thickness. All gains are permanent, and all results are guaranteed - or your money back! 

http://fronthigh.com/


",1,1
CEAS_08,Philippe Landau <wluhe@user-land.org>,Re: [opensuse] Helping test KDE4,"Jerry Houston wrote:
> Is there no straightforward way to get and install the current builds? 
> I'd be more than willing to do some QA, but everything I've seen so far
> has involved setting up to build everything from scratch.  Frequently,
> I'm led to believe, as KDE4 is still a fast moving target.
It is.

> Doesn't it make sense that there are enough potential testers with
> openSuSE 10.3 systems for someone to make a repository available from
> which the core libraries and applications could be installed?
http://lists.opensuse.org/opensuse/2008-02/msg01082.html

> I spend 60 or so hours a week writing, debugging, and building
> software.  When I come home, I want to use it, not build it.
Great, Jerry, thank you :-)

> Is there a frequently updated source somewhere, where I could install
> versions to test, or is it all still in the do-it-yourself stage?
http://en.opensuse.org/KDE4

Better wait until tomorrow though,
as currently download.opensuse.org has problems again.

Kind regards     Philippe


",0,1
CEAS_08,Alexander Belopolsky <ynarxoxga.kwehevgyna@gmail.com>,[Python-3000] PEP 3102 question,"Do I understand correctly that with PEP 3102 implemented, keyword
arguments can follow vararg in function definitions, but doing the
same when calling the function is still a syntax error?

With the latest py3k,

>>> def f(a, *args, v=None):
.    pass
.
>>> f(a, *args, v=None)
  File """", line 1
    f(a, *args, v=None)
                ^
SyntaxError: invalid syntax

Is this intentional?
_______________________________________________
Python-3000 mailing list
smsbmo-9552@python.org
http://mail.python.org/mailman/listinfo/python-3000
Unsubscribe: http://mail.python.org/mailman/options/python-3000/python-3000%40tangomu.com


",0,1
CEAS_08,carlo jonah <cedric1@orange.fr>,Top models choose this for slimming.,"
Dear b397284a3ba289837e5fd86e84cf6dbe

Summer is a exact time to take a vacation at work and think about your health & personal life.

And we are glad to help you with it.

 From now on till 30th of September you can use our special proposal.

Visit our site for further details.

traditionstreet.com

6 Aug 2008 06:40:12


",1,0
CEAS_08,kippy jubal <djohnson2@smurfit.com>,Enjoy safe and convinient shopping for meds.,"
If you are searching for good chemists shop. You wont find better range of goods than our site. We
have everything to help to recover of ilnesses.Even if you need quick shipment you can always 
rely on us. Obtain the most trustworthy help as fast as a mouse click.

shortyour.com

12 Jul 2008 08:12:14

chiken
trasted


",1,0
CEAS_08,Murali Menon <feanor0@hotmail.com>,[R] price returns conversion,"folks, is there a better way to convert a daily series of price returns to a monthly one than as follows: library(xts) a <- xts(rnorm(100) / 100, order.by = as.Date(1:100)) am <- diff(to.monthly(cumsum(a))[, 4]) # [, 4] for Close levels the problem with this is that the entire first month of returns is lost owing to the differencing. i would have to prefix the first month's returns manually, which seems a bit ugly. if i had the original series in levels, then there's no issue, of course, but all i have in this instance are returns series. cheers, murali _________________________________________________________________  Contest ______________________________________________ R-help@r-project.org mailing list https://stat.ethz.ch/mailman/listinfo/r-help PLEASE do read the posting guide http://www.R-project.org/posting-guide.html and provide commented, minimal, self-contained, reproducible code.",0,1
CEAS_08,Loren Wilton <voxhqbd@earthlink.net>,Re: Exploit or artifact?,"I got one of something like that tonight.  Clearly foreign language, and got 
tagged for around 20 points by my system.  Looks like a Russian spam run or 
the like starting.

        Loren


",0,0
CEAS_08,bradly weidong <administrator@aba-uk.org>,Finally your new healthy life. 85,"      
          Find your love stick gain here
        CLICK HERE URl!!!!
        qOqZCJyF9855v2
        
    
   ",1,0
CEAS_08,Lance Velez <attractingo15@goldmonger.com>,MoreinfoNewProductsSoftTabs,"
ProductListCanadianProducts
http://lrkfqa.blu.livefilestore.com/y1p1EcOyjnN0_Rn-Q2a6Bikr63APDCHw4-3vkhpRntKKn0vraxVtDSl1YVpcYPk47zTqgWdxcbOEiDlILfCUTU6jA/index.html


",1,1
CEAS_08,Hell <uiaregi@hell.co.nz>,7 Deadly Sins,"       
 Looks like we'll be expanding our menu.       

     
 
 PROUDLY SERVING SLOTH, ENVY, GLUTTONY, GREED, LUST, WRATH AND PRIDE SINCE LUCIFER WAS A COWBOY.   

 
 To update your details please click here
 To be removed from the HELL mailing list please click here       


   

 ",0,0
CEAS_08,Meredith Dupree <CristinadrowsyWaddell@hiltoncc.com>,Male Enhancement Reviews,"
Amazing growth within just a few short weeks is possible with this breakthrough! Just two capsules a day, and you can start enjoying a larger, more powerful you. 

Size DOES matter, and unfortunately, many traditional methods to increase size simply DON'T work, and are very inconvenient. 

http://scorewin.com/


",1,1
CEAS_08,Toan brear <Toan-remmuntr@pedrosanz.com>,relliatn,"Find the lowest prices for online health products.
Medications for consumers and medical health professionals.",1,0
CEAS_08,Sergey Mkrtchyan <qmfgtolnpc@gmail.com>,Re: [opensuse] turning off/on compiz fusion,"
On Wednesday 13 February 2008 02:41:18 pm Sloan wrote:
>
> Last year I was running beryl, a fork of compiz which allowed one-click
> control of the desktop - one click to turn on the beryl desktop for a
> demo, one click to turn it off, e.g. to run an OpenGL game which doen't
> play well with compositing. IOW I could easily toggle between the normal
> KDE desktop and the beryl cube. I'd hoped the merge of compiz and beryl
> would bring the cool features of beryl to compiz, but it doesn't seem to
> have happened. Sad to say, but it looks as though compiz is still  as
> awkward to deal with as it ever was.
>

Hey Joe,

Actually that's one of my problems too. Let's say not playing games with 
OpenGL ;-) (public mailing list, you know) but for example Google Earth is 
impossible to run.

When working I'm pretty fine with the standart desktop with couple of 
modifications.

-- 
Sergey Mkrtchyan,
PhD Student @
Department of Physics & Astronomy,
Faculty of Science, University of Waterloo


",0,0
CEAS_08,Movieshack <fzlhqllfi@movieshack.co.nz>,Today's Activity (Tuesday 4th March),"+------------------------------------------------------------------------+ 
Today's Activity (Tuesday 4th March)
+------------------------------------------------------------------------+ 
 
Hi Tony, you have 159 DVDs and 36 Series in your Rental Queue, 3 DVDs are Coming Soon. 

DVDs Received Today 
------------------------------------------
We received the following DVDs from you today, please remember to rate
your DVDs to get the best possible recommendations! Make your opinion count - 
let other members know what you thought of a DVD by writing a review.

Babylon 5 - Season 1 (1994) (Disc 5)
Hellboy (2004)
Down With Love (2003)
Die Hard 4 - Live Free or Die Hard (2007)
 

If you have any problems with a DVD, visit this link: 
http://www.movieshack.co.nz/?_account=mc&md=message&s=rental_problem
 
+------------------------------------------------------------------------+ 
Please do not reply to this email, visit our contact page to reply: 
http://www.movieshack.co.nz/?_movieshack&i=contact 
+------------------------------------------------------------------------+ 
If you'd rather not receive ""Today's Activity"" alerts from Movieshack,
please feel free to remove yourself from this alert category
by clicking here - http://www.movieshack.co.nz/?_account=mc&md=eao

",0,1
CEAS_08,Thomas Bridge <qzzmsyh@gmail.com>,Re: Fwd: Re[2]: [ILUG] New ILUG commitee,"On 14/11/2007, evhq@clubi.ie  wrote:

> I'd propose that, given there was no opposition to the motion at the
> AGM, that we rectify this matter by allowing 4 days for people to
> object to the change via this list. If there's a lack of significant
> objections we can easily let the change stand.

That would be to miss the bit where its then required to be voted upon
at an AGM / EGM.

Gareth did ask on IRC about the background behind the decision to
limit OCM membership to two - as I recall, it was partly because it
was felt that the purpose of the committee was simply to provide a
means to opening a bank account and not to replace the somewhat
informal/anarchic way meetings and events had been organised.

However, that does appear to have changed over the years, so I think
the fix is fairly simple.  At the next ILUG event, call an EGM and
pass the following proposal:

That article 4.5 be amended as follows:

The addition of the line ""Additional ordinary committee members may be
elected with the approval of the majority of votes at the AGM.    Any
increase in the number of Ordinary Committees shall be effective only
for the term of that committee.""

In the meantime, as my experience of ILUG committees is that they
usually rule by consensus, I don't see any issue with carrying on as
is.   As Colm points out - the constitution is there to serve the
members, not vice versa.   There's nothing to say the committee can't
invite people to their meetings anyway.

One other point - I understand that the ILUG Chairman also ruled on
the interpretation of section 3.1 and the definition of residence -
may I suggest that http://www.linux.ie/legal/constitution.php be
updated to reflect that, so that there is a record of the ruling.

Thomas

-- 
Thomas Bridge
CCIE  #14108


",0,1
CEAS_08,edaxa@uwindsor.ca,[UAI] CFP:  FLAIRS 2005--Special Track on Uncertain Reasoning,"******  Apologies for multiple postings *******

* please distribute to interested colleagues

******************************************************************************
                                   Call for Papers

                        Special Track on Uncertain Reasoning

              The 18th International FLAIRS Conference FLAIRS-2005
      In cooperation with The American Association for Artificial Intelligence

                                   Adam's Mark Hotel
                                   Clearwater Beach, FL
                                   May 16-18, 2005


http://janus.newcs.uwindsor.ca/~danwu/flairs-2005/index-flairs-2005.htm
                http://ranger.uta.edu/flairs05/
******************************************************************************


The capability of reasoning with uncertain and/or incomplete
information is a crucial feature both of human and machine
intelligence. The Special Track on Uncertain Reasoning at the
Eighteenth International Florida Artificial Intelligence Research
Symposium (FLAIRS) Conference seeks to bring together researchers
working on broad issues related to reasoning under uncertainty. This
track was started in 1996 and has become an annual event at FLAIRS. In
2003 the track was merged with the Special Track on Imprecise and
Indeterminate Probabilities.

Papers on all aspects of uncertain reasoning and imprecise probabilities
are solicited.
Topics of interest include, but are not limited to:

* Uncertain reasoning and databases
* Uncertain reasoning formalisms, calculi and methodologies
* Reasoning with probability, possibility, fuzzy logic, belief functions,
  argumentation, rough sets, and probability logics
* Modelling and reasoning using imprecise and indeterminate information,
* using for instance: Choquet capacities, comparative orderings, convex
sets of measures,
  and interval-valued probabilities
* Exact, approximate and qualitative uncertain reasoning
* Nonmonotonic reasoning and belief revision
* Multi-agent uncertain reasoning and decision making
* Decision-theoretic planning and Markov decision process
* Temporal reasoning and uncertainty
* Construction of models from elicitation, data mining and knowledge
discovery
* Uncertain reasoning in information retrieval, filtering, fusion,
diagnosis,
  prediction, and situation assessment
* Practical applications of uncertain reasoning


Paper Submission and Publication
- ---------------------------------
Paper format and submission details are available at
http://earth.cs.ccsu.edu/~flairs/submission.html

Papers will be refereed and all accepted papers will appear in the
conference proceedings which will be published by AAAI Press.
Selected authors will be invited to submit extended versions of their
papers to a special issue of the International Journal on Artificial
Intelligence Tools (IJAIT) to be published in 2006.

In addition, we have arranged a special issue of the International Journal
of
Approximate Reasoning, devoted to extended and revised papers selected from
the special
track on uncertain reasoning.


Invited Speakers of FLAIRS-2005
- --------------------------------
Lawrence Hunter, University of Colorado
Martha Pollack, University of Michigan
Ted Senator, DARPA
David Stork, Ricoh and Stanford University


Important Dates
- ----------------
Paper submissions due       October 22, 2004
Notification letters sent   January 7, 2005
Camera ready copy due       February 4, 2005
Conference:                 May 16-18, 2005


Program Committee
- ---------------------
Program Co-Chairs:
Gabriele Kern-Isberner, University of Dortmund
Dan Wu, University of Windsor

Committee:
Horacio Arlo-Costa, Carnegie Mellon University
Salem Benferhat, CRIL, France
Cory Butz, University of Regina
Mats Danielson, Royal Institute of Technology, Sweden
Jim Delgrande, Simon Fraser University
Marek Druzdzel, University of Pittsburgh
Love Ekenberg, Stockholm University
Faiza Khellaf, USTHB, Algeria
Henry Kyburg, IHMC and The University of Rochester
Eric Neufeld, University of Saskatchewan
Laurent Perrussel, UT1/IRIT, France
Lin Tao, University of Regina
Eugene Santos, University of Connecticut
Choh Man Teng, University of West Florida
Michael Wong, University of Regina
Yang Xiang, University of Guelph


Contact
- -------
For Further Information, please contact:

Gabriele Kern-Isberner
Department of Computer Science
University of Dortmund
44221 Dortmund, Germany
cbzllrja.iadf-sizpcbzl@cs.uni-dortmund.de

Dan Wu
School of Computer Science
University of Windsor
Windsor Ontario Canada N9B 3P4
edaxa@uwindsor.ca


",0,1
CEAS_08,Ahsan <nyvallet1979@1888junkteam.com>,These nurses are flaming hot,"




Grow longer and harder with our all natural supplement. http://www.fiftywait.com/

",1,1
CEAS_08,rama <>,Psychologist endorsed products for men,"Smell better with among the girls with a stronger pheromone emitting rod of pleasure. http://www.fiftywin.com/
",1,1
CEAS_08,Alex Doyle <bthc.antel@gmail.com>,Re: The jet set,"another brilliant idea for the BBC. Add subtitles and badabing, plam d'or in cannes. Alex On 11/10/2007, Gerry Carr  wrote: > > it's good to see bath-wanking making a comeback. Niven used to do a > wonderful shuffle a bain and James Mason* was no slouch either. Firth really > does tap into that rich seam of great British celluloid self-polluters. > > *the high point might have been mason as the butler wanking niven off in > gold-plated bath in Heaven Can Wait in 1948. WEnt ou of fashion after that > > Gerry > > On 10/11/07, Tom Farrell  wrote: > > > > I think there is, but it's not really that sort of film. > > there is colin firth wanking in the bath, which some people might be > > into (NOT ME) > > > > tom > > > > > > On 10/11/07, Alex Doyle < bthc.antel@gmail.com> wrote: > > > is there bappage? > > > > > > Still haven't seen snakes on a plane. > > > > > > Alex > > > > > > > > > > > > On 11/10/2007, Tom Farrell < tpv.gfbtcfp@gmail.com> wrote: > > > > I went to see ""and when did you last see your father"" last friday. > > > > > > > > what was best about it was what wasn't in it: > > > > absolutely NO 'reconciliation scene' with his dad before he died > > > > total ABSENCE of teary eulogy delivered at funeral > > > > > > > > I must say I enjoyed it, it's a total broadbent-fest but then that's > > > > the point isn't it > > > > > > > > tom > > > > > > > > > > > > On 10/11/07, Emma Kennedy  wrote: > > > > > > > > > > > > > > > > > > > > Superbad is better > > > > > > > > > > Michael Clayton is ok. > > > > > > > > > > My mother and my lil sis (influenced by my mother) hated little > > miss > > > > > sunshine when they watched it last weekend. I may be adopted. > > > > > > > > > > > > > > > > > > > > > > > > > ________________________________ > > > > > > > > > > > > > > > From: dqcxzgkeb-rekxpen@crackmice.com > > > > > [mailto: dqcxzgkeb-rekxpen@crackmice.com] On Behalf Of Gerry Carr > > > > > Sent: 11 October 2007 08:57 > > > > > To: tdrf3946@crackmice.com > > > > > Subject: Re: The jet set > > > > > > > > > > > > > > > > > > > > > > > > > Knocked Up is excellent. your mail is ambiguous as to whether you > > meant > > > this > > > > > was a good or bad option. Try to  be more precise. > > > > > > > > > > gerry > > > > > > > > > > > > > > > On 10/11/07, Ben Walsh < xup@dalymount.com> wrote: > > > > > > > > > > The man in front of me on the plane watched the latest steaming > > Robin > > > > > Williams pile-o-shite THREE TIMES. Voluntarily. He had other > > options, > > > > > like watching ""Knocked Up"" or pulling his toenails out. > > > > > > > > > > > > > > > > > > > > > > > > > > > > > > > > > > > > > > > > > -- > > > Alex > > > > --  Alex",0,0
CEAS_08,Abhay <okkcvagimruzre@yahoo.co.jp>,Re: [UAI] Learning BN,"How about SEM (Structural EM)? Though it may not be the
fastest. You may want to take a look at this:
http://www.cs.huji.ac.il/~nirf/Abstracts/Fr2.html
Another interesting combination of PC and K2 together is
proposed here:
ftp://ftp.cis.upenn.edu/pub/msingh/uai93.ps.Z

Abhay

--- Anthony Brenner  ??????
???b?Z?[?W?F
> I need learning a Bayesian Network from data and
> would like to know which 
> learning algorithm to use.
> I've studied the K2 and the PC algorithms, but they
> seem not to be state of 
> art!
> As I have no extra information about my dataset it
> is not reasonable to 
> define a varible ordering. As the dataset is big
> (more than 100000 instances 
> and 88 attributes), the PC algorithm may become too
> slow.
> Would you be so kind to point me to any other
> algorithm considered state of 
> art? SHould I use K2 or PC anyway?
> 
> Thank you so much in advance,
> 
> Anthony.
> 
>
_________________________________________________________________
> Chegou o que faltava: MSN Acesso Gr�is. Instale
J�!
> 
> http://www.msn.com.br/discador
> 
> 
> uai mailing list
> 
>


",0,1
CEAS_08,ohwwlejs-pbfotbp@list.scms.waikato.ac.nz,"Wekalist Digest, Vol 60, Issue 12","Send Wekalist mailing list submissions to 	iuxxdkqk@list.scms.waikato.ac.nz To subscribe or unsubscribe via the World Wide Web, visit 	https://list.scms.waikato.ac.nz/mailman/listinfo/wekalist or, via email, send a message with subject or body 'help' to 	ohwwlejs-pbfotbp@list.scms.waikato.ac.nz You can reach the person managing the list at 	pobypuhs-hvhzj@list.scms.waikato.ac.nz When replying, please edit your Subject line so it is more specific than ""Re: Contents of Wekalist digest..."" Today's Topics:    1. Adding a new Filter---Jar generation (Cristina Torres)    2. gridregression.py (M. Fatih Akay)    3. Re: Multilayerperceptron results (Harri M.T. Saarikoski)    4. RE: Re:PATH variable (Danilovich, Yann) ---------------------------------------------------------------------- >From lmjznprcyynlydlf@hotmail.com  Sun Feb 24 10:27:37 2008 Message: 1 Date: Fri, 8 Feb 2008 10:37:01 +0000 From: Cristina Torres  Subject: [Wekalist] Adding a new Filter---Jar generation To: Weka machine learning workbench list. 	 Message-ID:  Content-Type: text/plain; charset=""iso-8859-1"" Hello   Finally I solve the problem of the compilation of Weka, and I also introduce the new filter (filter.java), in the Filters folders, Now I want to create the .jar document of the complete Weka with my new filter, I generate the jar file and when I try to execute it have this error:   Failed to lad Main Class manifiest atribute    Somebody knows how I have to generate this .jar file properly?     Cris Express yourself instantly with MSN Messenger! MSN Messenger  _________________________________________________________________ Express yourself instantly with MSN Messenger! Download today it's FREE! http://messenger.msn.click-url.com/go/onm00200471ave/direct/01/ -------------- next part -------------- An HTML attachment was scrubbed... URL: https://list.scms.waikato.ac.nz/pipermail/wekalist/attachments/20080208/9baf78e4/attachment-0001.html ------------------------------ >From kylwi0776@yahoo.com  Sun Feb 24 10:27:37 2008 Message: 2 Date: Fri, 8 Feb 2008 03:24:11 -0800 (PST) From: ""M. Fatih Akay""  Subject: [Wekalist] gridregression.py To: weka  Message-ID: <641465.488.qm@web52802.mail.re2.yahoo.com> Content-Type: text/plain; charset=""iso-8859-1"" Mark/Peter,       Is it possible to integrate gridregression.py (or a similar tool), which is a tool under LIBSVM for finding the optimized parameters of c, gamma and epsilon, into WEKA?       Fatih         --------------------------------- Never miss a thing.   Make Yahoo your homepage. -------------- next part -------------- An HTML attachment was scrubbed... URL: https://list.scms.waikato.ac.nz/pipermail/wekalist/attachments/20080208/a6e646c1/attachment-0001.html ------------------------------ >From grelj.zktpquktdd@helsinki.fi  Sun Feb 24 10:27:37 2008 Message: 3 Date: Fri,  8 Feb 2008 14:58:43 +0200 From: ""Harri M.T. Saarikoski""  Subject: Re: [Wekalist] Multilayerperceptron results To: ""Weka machine learning workbench list."" 	 Message-ID: <1202475523.47ac5203bf83d@webmail.helsinki.fi> Content-Type: text/plain; charset=us-ascii > But every once in a while I find a combination of parameters where the > classification doesnt work at all and one (sometimes even two) class(es) > seems to be left out of the process and the confusion matrix looks like > the following: >  >     a    b    c   <-- classified as >     0 6838    4 |    a = '(-inf-0.25]' >     0 6728   72 |    b = '(0.25-0.75]' >     0 2141 4952 |    c = '(0.75-inf)' >  >  > What can be the reason for such behaviour? Hi.  Most likely this is a case of overfitting (overtraining):  (http://en.wikipedia.org/wiki/Overfitting): ""especially in cases where  learning was performed too long or where training examples are rare, the  learner may adjust to very specific random features of the training data,  that have no causal relation to the target function.""  Overfitting in back-propagation neural networks like MLP (resulting in  prediction bias toward one/some of the target classes) can be caused by the  following: if misclassified training instances continue to be misclassified  iteration after iteration, they get overweighted and actually take weight  from the correctly classified instances, i.e. the weights become  imbalanced. Furthermore, if misclassified instances happen to be clearly  concentrated to some classes, this can result in confusion matrix that you  quoted (zero correct instances for some classes).  > I have not found a pattern in the parameters that causes this.  MLP describes the parameters as follows: ""learningRate -- The amount the  weights are updated. momentum -- Momentum applied to the weights during  updating. decay -- This will cause the learning rate to decrease. This will  divide the starting learning rate by the epoch number, to determine what  the current learning rate should be. This may help to stop the network from  diverging from the target output, as well as improve general performance.""  As far as I know, no off-the-shelf formula exists for optimizing these  parameters. It is an interchange of parameters and the dataset. If you are  looking for a pattern in performance, consider that the parameters operate  together (learning rate * momentum / decay) so that the first two operate  for controlling speed of change and the latter for stopping the change.  ""Ultimately, the cost function will depend on the task we wish to perform.""  (wiki). If you are getting as high as > 85% accuracies from most  configurations, this suggests that optimal training model for this dataset  is produced when the parameters are set on 'fast burn' (few iterations) so  I would say higher learning rate * momentum and fast decay work best (do  they?).  Harri >  > David >  >  >  ------------------ yst. terv | Best wishes Harri Saarikoski ------------------------------",0,1
CEAS_08,abeu iago <shimaree@tnics.net>,The bigger tool,"
Dear bbaf0d8f5091008654f086221f7bb1f9

Summer is a exact time to take a break at work and think about your health & personal life.

And we are glad to assist you with it.

 From now on till 30th of  October you can use our limited proposal.

Visit our site for further details.

traditionstreet.com

6 Aug 2008 05:05:01


",1,0
CEAS_08,"""Jerry D. Hedden"" <drbcqzxl@cpan.org>","[PATCH - 2nd revision] [perl #46011] overload ""0+"" doesn't handle integer results","Zefram wrote:
> It works OK for plain printf ""%d"", but not for addition.
> Also doesn't work for subtraction, negation,
> multiplication, division, remainder.  Does work for bit
> shift and bitwise OR.  Perhaps some code factoring is
> called for.

Jerry D. Hedden wrote:
> The attached patch adds tests for these to lib/overload.t.
> The tests are skipped if not using 64-bit ints.
> The following tests (which fail for me) are set as TODO:
>     0+ (addition)
>     subtraction
>     multiplication
>     division
>     modulo (%)
>     exponentiation (**)
>     abs()

The attached patch (which supercedes my previous patches on
the matter) fixes the above problem for 'abs' and 'neg'
overloading.  I added more tests as well.

The patch can be check using the following:

/perl -Ilib -lwe '{ package t0; sub mynum { -36028797018963971 } use
overload ""0+"" => \\&mynum, fallback => 1; } printf ""%d\\n"",
abs(t0::mynum); printf ""%d\\n"", abs(bless({}, ""t0""))'

/perl -Ilib -lwe '{ package t0; sub mynum { -36028797018963971 } use
overload ""0+"" => \\&mynum, fallback => 1; } printf ""%d\\n"", -&t0::mynum;
printf ""%d\\n"", -bless({}, ""t0"")'
",0,0
CEAS_08,"""A. Pagaltzis"" <passdelwx@gmx.de>",Re: kurila 1.3 released,"* Rafael Garcia-Suarez  [2007-10-11 19:35]:
> Now if I can say what I think, as a Perl 5 pumpking: Kurila
> takes the problem by the wrong end: that is, by Perl 5's
> codebase. Basically, what's wrong with Perl 5 is its lack of
> extensibility.
> 
> To solve the lack of extensibility problem, a
> re-orthogonalisation of the syntax is needed. Removing bits of
> syntax will not help with the fact that prototypes are a
> nightmare, that exceptions are badly integrated, that runtime
> type checking via can() or ref() is broken, that qr// is
> implemented in a cumbersome way, that the implementation of
> magic is riddled with special cases. Those things need a
> complete rethinking. Hence Perl 6. The Perl 6 effort is driven
> by language design and syntax changes. Kurila (read the last
> announcement) is driven by internal refactoring and juggling.

I hate to bring it up, and I’m not particularly fond of dumping
on Perl 6, but compare how that effort is going with the Python
3000 track record, which took the “internal refactoring and
juggling (and it’s OK to break backcompat)” approach vs. the
“complete retink” approach of Perl 6.

I dunno.

If Gerard has the energy to pursue kurila on his own, I say he
should.

I also agree that p5p is probably not the place to discuss it –
not forever, anyway. However, I think for the time being it might
be better to keep that discussion here; I was recently reading a
bunch of Linus Torvalds lkml posts about Con Kolivas’ patches,
and somewhere he makes the point that special-interest mailing
list like the -ck patchset ML are problematic because they become
an echo chamber with no cross-polination of ideas and viewpoints.
That rings completely true.

Regards,
-- 
Aristotle Pagaltzis // 
",0,0
CEAS_08,Kerry Hairston <Kerry@lille.iufm.fr>,Accessories of the highest class,The price for these swanky items is absolutely reasonable! http://pickreal.com/,1,1
CEAS_08,"""Michael R. Bernstein"" <kzrffxg@fandomhome.com>",Re: i have a question about google earth,"
On Mon, 2007-11-12 at 07:23 -0800, Chris DiBona wrote:
> No on both. See the plus and pro versions if you would like to do more
> than just view the imagry.

I'm pretty sure (though IANAL) that screenshots for illustrating a
research paper would be considered fair use.

- Michael
",0,0
CEAS_08,Daily Top 10 <ibbering1964@sharon.k12.wi.us>,CNN.com Daily Top 10,">+=+=+=+=+=+=+=+=+=+=+=+=+=+=+=+=+=+=+=+=+=+=+=+=+=+=+=+=+=+= >THE DAILY TOP 10 >from CNN.com >Top videos and stories as of: Aug  1, 2008  3:58 PM EDT >+=+=+=+=+=+=+=+=+=+=+=+=+=+=+=+=+=+=+=+=+=+=+=+=+=+=+=+=+=+= TOP 10 VIDEOS 1. PARIS HILTON TAKES ON MCCAIN http://www.cnn.com/video/partners/email/index.html?url=/video/politics/2008/08/06/wynter.paris.hilton.ad.cnn Paris Hilton swings back at Republican presidential candidate John McCain. Kareen Wynter reports. 2. BIKINI BARISTA STAND CLOSED http://www.cnn.com/video/partners/email/index.html?url=/video/living/2008/08/06/pkg.bikini.baristas.barred.kiro 3. TOT GRANDMA REACTS TO CHARGES http://www.cnn.com/video/partners/email/index.html?url=/video/crime/2008/08/06/grace.mom.charged.cnn 4. MAGGOTS: THE NEW ANTIBIOTIC? http://www.cnn.com/video/partners/email/index.html?url=/video/health/2008/08/06/mcginty.uk.maggot.antibiotic.itn 5. ON YOUR MARK, GET SET, FLOAT! http://www.cnn.com/video/partners/email/index.html?url=/video/living/2008/08/06/vo.in.balloon.race.wxin 6. 'LOVE TRIANGLE MURDER' http://www.cnn.com/video/partners/email/index.html?url=/video/crime/2008/08/06/dcl.london.in.session.trial.update.insession 7. TERI GARR'S DECADES OF HIDING http://www.cnn.com/video/partners/email/index.html?url=/video/health/2008/08/06/gupta.teri.garr.cnn 8. FAKE SEX AD DRAWS LAWSUIT http://www.cnn.com/video/partners/email/index.html?url=/video/tech/2008/08/06/dnt.wa.sex.ad.lawsuit.komo 9. 'WE NEED AN ECONOMIC SURGE' http://www.cnn.com/video/partners/email/index.html?url=/video/politics/2008/08/06/sot.mccain.econo.surge.cnn 10. OBAMA GOT HIT IN THE HEAD? http://www.cnn.com/video/partners/email/index.html?url=/video/politics/2008/08/06/sot.obama.asked.why.running.cnn TOP 10 STORIES 1. N. DAKOTA'S REAL-LIFE JED CLAMPETT http://www.cnn.com/2008/LIVING/wayoflife/08/05/oil.boomtown/index.html In the midst of a N. Dakota oil boom, a man born during the Great Depression is making a fortune after striking oil on his property. 2. OBAMA'S UPHILL POLLING BATTLE http://www.cnn.com/2008/POLITICS/08/06/obama.polls/index.html 3. D.A.: SEX CASE ABOUT 'PURE EVIL' http://www.cnn.com/2008/CRIME/08/06/sex.club.trial.ap/index.html 4. ANOTHER SIDE OF AMY RAY http://www.cnn.com/2008/SHOWBIZ/Music/08/06/amy.ray/index.html 5. COMMENTARY: BILL CLINTON'S UPSET http://www.cnn.com/2008/US/08/06/martin.billclinton/index.html 6. WOMEN DRIVEN TO DONATE EGGS http://www.cnn.com/2008/HEALTH/08/05/selling.eggs/index.html 7. ANTHRAX SUSPECT CALLED MISLEADING http://www.cnn.com/2008/CRIME/08/06/anthrax.case/index.html 8. MOUNTAIN LION IN BEDROOM KILLS DOG http://www.cnn.com/2008/US/08/06/mountain.lion.ap/index.html 9. REPORTS: MISTAKES DOOMED UTAH MINE http://www.cnn.com/2008/US/08/06/utah.mine.anniv.ap/index.html 10. BIN LADEN'S FORMER DRIVER GUILTY http://www.cnn.com/2008/CRIME/08/06/hamdan.trial/index.html CNN, The Most Trusted Name in News >    Cable News Network LP, LLLP.                       < >    One CNN Center, Atlanta, Georgia 30303             < >    2008 Cable News Network LP, LLLP.                  < >    A Time Warner Company.                             < >    All Rights Reserved.                               < ========================================================= =   Please send comments or suggestions by going to     = =           http://www.cnn.com/feedback/                = =                                                       = =      Read our privacy guidelines by going to          = =         http://www.cnn.com/privacy.html               = ========================================================= You have agreed to receive this email from CNN.com as a result of your CNN.com preference settings. To manage your settings, go to: http://www.cnn.com/linkto/bn.manage.html To unsubscribe from the Daily Top 10, go to http://cgi.cnn.com/m/clik?e=email1572@gvc.ceas-challenge.cc&l=cnn-dailytop10",1,1
CEAS_08,urabe <>,August playboy centrefold,"





Women will do anything for this ice cream http://www.fiftyday.com/

",1,1
CEAS_08,Jeroen Ruigrok van der Werven <kyfxfuc@in-nomine.org>,[Python-Dev] weird configure (autotools) setup,"Why is CFLAGS in Makefile.pre.in specified as
CFLAGS=         $(BASECFLAGS) $(OPT) $(EXTRA_CFLAGS)
whereas that will negate any CFLAGS you pass to configure?

A normal call to configure (as ./configure --help also explains) can contain
a CFLAGS specification, e.g.:

CFLAGS=""-compiler_options"" ./configure --config_options

Configure happily compiles and tests everything with the working CFLAGS (as
evident in config.log), but when it comes to the output substitution it
will, of course, not be overridden.

Now, I realize that configure.in talks about BASECFLAGS and OPT, but neither
of these are documented in the ./configure --help output, nor are they
standard when it comes to autotooling. Passing CFLAGS is the defacto
standard.

Furthermore, when passing compiler options to OPT, these are NOT taken along
in the configure tests, which means you might have passed faulty options but
configure will not detect any problems with them. You will only encounter
this when you start building.

So is there any rationale for all this?

-- 
Jeroen Ruigrok van der Werven  / asmodai
イェルーン ラウフロック ヴァン デル ウェルヴェン
http://www.in-nomine.org/ | http://www.rangaku.org/
Contentment that derives from knowing when to be content is eternal
contentment...
_______________________________________________
Python-Dev mailing list
Python-Dev@python.org
http://mail.python.org/mailman/listinfo/python-dev
Unsubscribe: http://mail.python.org/mailman/options/python-dev/python-dev%40tangomu.com

",0,1
CEAS_08,Lara Souza <Lara@ceo-ag.de>,Enormous choice of luxurious accessories,"The trump cards of our rep1!c@ watches are fancy design, unexcelled quality, and high precision http://pickreal.com/",1,1
CEAS_08,Gerardo Lyons <Gerardo@newberg.k12.or.us>,Bigger main masculine sign ,"If you've got a dimension below average, you should consult our store to choose your remedy!
See your tool swell in length and width immensely!
http://flapprice.com/


powerful position to be in. The Daily Mail asked in a headline on April193 King of the Hedge Fundsfuture.",1,1
CEAS_08,Floris Bruynooghe <ixiimg.pdmcgmljvw@gmail.com>,Re: [Python-Dev] [Distutils] How we can get rid of eggs for 2.6	and	beyond,"On Sat, Mar 22, 2008 at 04:42:36PM +0100, ""Martin v. Löwis"" wrote:
>> I speak for Debian, so for Debian: yes.  The setup.py would have to be
>> pretty bad for a packager to not use it.  There is no reason to
>> re-write upstream's installation procedure as you would have to figure
>> out which files need to be installed where and this would create many
>> bugs.
>>
>> The canonical way is something like this:
>>
>>   $ pythonX.Y setup.py --root=$(pwd)/debian/tmp
>>   $ # Fixup anything done wrong/badly (for debian) by setup.py
>>   $ # Make a tarball of $(pwd)/debian/tmp
>>
>> In reality it's slightly more complicated of course.
>
> More than slightly so, with pycentral, pysupport, and all that.
>
> I still doubt that the database would show up in a directory on
> sys.path.

If not it would be a bug in pycentral/pysupport.  Only two bugs to
file, not that bad I think!

>> At [1] there are
>> many packages, paste and parallelpython are good examples if you're
>> interested (look in the debian/rules file).
>
> I started with nevow. It uses cdbs, so its debian/rules is nearly
> empty, and does not include a call to setup.py at all.
>
> Instead, the distutils support is in
>
> /usr/share/cdbs/1/class/python-distutils.mk
[...]

Again, that would be a bug in CDBS.

For the specific snippet you showed, yes that does essentially
""pythonX.Y setup.py --root=$some_alternate_root"" as I said above.  As
an aside I also happen to be in the camp that dislikes CDBS...


The specifics and complications don't matter for this discussion I
think.  If setup.py installs the correct file into the installdb then
it will work in almost all cases, Neal Becker confirmed this is true
for Fedora as well.


Regards
Floris

-- 
Debian GNU/Linux -- The Power of Freedom
www.debian.org | www.gnu.org | www.kernel.org
_______________________________________________
Python-Dev mailing list
zvllln-eum@python.org
http://mail.python.org/mailman/listinfo/python-dev
Unsubscribe: http://mail.python.org/mailman/options/python-dev/python-dev%40tangomu.com



",0,1
CEAS_08,Fred Legrand <kijv_exdfogc@mail.com>,[ILUG] USB wireless adaptor freezes Ubuntu server,"Hi all,

I bought a USB wireless adaptor (Intellinet) to connect to my Buffalo wireless/router modem. I installed the Atheros drivers but when I plug the USB adaptor my Ubuntu (7.04) pc freezes, I can boot it but stops at the logon screen. If I plug the key after the system is up, the system runs very slowly, I managed to run the top command and the network-manager is consumming 98% of the CPU. The system is so slow that I cannot check logs...
Any pointers? 
Thanks
Fred

Off-topic: would people from this list like to meet up for a drink in November/Decmeber?







-- 
Want an e-mail address like mine?
Get a free e-mail account today at www.mail.com!

--



",0,0
CEAS_08,Slaven Rezic <tqcsub@rezic.de>,Re: [perl #47576] Safe.pm problem when regex does an implicit 'use utf8',"Greg Sabino Mullane (via RT)  writes:

> # New Ticket Created by  Greg Sabino Mullane 
> # Please include the string:  [perl #47576]
> # in the subject line of all future correspondence about this issue. 
> # 
> 
> 
> Using Safe.pm uncovered an implicit 'use utf8' when a regex 
> /i flag is used. This is blocked because of the 'require' opcode.
> There seems to be no way around this other than issuing
> permit('require'), which pretty much is not a good Safe practice.
> Workarounds welcome.

This still fails with perl5.10.0 RC1. 

For a workaround, throw something into your code which triggers
loading of some unicode-related .pl files (utf8_heavy.pl,
unicore/To/Fold.pl etc.) at compile time, e.g. with

    qr{\\x{0100}}i;

Note that the unicode codepoint must be 0x100 or higher.

Regards,
    Slaven

> 
> Sample program, using perl 5.8.8:
> 
> #!perl
> 
> use strict;
> use warnings;
> use utf8;
> use Safe;
> 
> my $cmp = new Safe;
> 
> $cmp->reval('/ać/i');
> 
> printf $@ ? ""Error was $@\\n"" : ""Okay\\n"";
> 
> $cmp->reval('/ac/i');
> 
> printf $@ ? ""Error was $@\\n"" : ""Okay\\n"";
> 
> __DATA__
> 
> ## Output is:
> 
> Error was 'require' trapped by operation mask at (eval 2) line 1.
> 
> Okay
> 
> ---
> Flags:
>     category=core
>     severity=medium
> 
> 

-- 
Slaven Rezic - slaven  rezic  de
  BBBike - route planner for cyclists in Berlin
  WWW version:                           http://www.bbbike.de
  Perl/Tk version for Unix and Windows:  http://bbbike.sourceforge.net



",0,1
CEAS_08,Boris Petty <Boris@occinc.com>,Find out the best enhancement solution,"Your true male power is blocked until you get its main conductor increased!
If your competence in love is truly important for you, don't ignore this offer!
http://dearcan.com/


including the leader of the opposition party MovementGas line explodes in TexasMicrosofts officials admitted that the companys",1,1
CEAS_08,Austin Barker <NickgrenoblePage@wileyrein.com>,Choice IWC replica watches at Replica Classics   ,"
Replica Classics  your source for high-quality watches 

Delightsome Bvlgari watches at Replica Classics   

Excellent-made replica watches from Rolex   

http://dryadsnedsjaw.com/


",1,1
CEAS_08,Kraft Kitchens <oloqhedybjvqq@email.kraftfoods.com>,food & family: Classic Diner Desserts,"




Having trouble seeing the images in this email? Click here.
 


















































A divinely creamy, chocolaty,rich-tasting dessert.














Moist and creamy – a must for coconut lovers.














The ultimate carrot cake with a creamy frosting.














You're the champion of charity bake sales; you're the first to bring a casserole to a neighbor in need. We know you're out there, and we want to share your story – and those special recipes – with America. Submit a
 recipe that goes well with coffee and it could be featured in an upcoming issue of food & family magazine.

























Now you can have the kraftfoods.comrecipe search, new recipes and more– right at your fingertips.




















> Best-Ever Chocolate Fudge   Layer Cake
> Molten Chocolate Surprise
> Luscious ""Cream Puffs""











Ted, serve up diner-style desserts at home.



When I was a little girl, I just loved going to the diner with my dad for a delicious slice of cake or pie. Here are a few tips to create your own diner-inspired desserts at home:






Place whole cookies in a re-sealable plastic bag when crushing. Run a rolling pin back and forth until they're finely crushed.



Always check on cakes at the minimum baking time. The cake is done when a wooden toothpick inserted in the center comes out clean.



Check out my quick video on how to frost a cake.


Finally, serve your dessert with a delicious Maxwell House coffee. Find the perfect coffee pairing for any of the desserts in this email on our website.
			 
Enjoy,
Next week: Three fantastic mac 'n cheese recipes.




















My Meal Plan
Promotions
Share Recipes
Unsubscribe
















 We sent this email to user6@gvc.ceas-challenge.cc 
      (You gave us this address when you signed up to receive email messages from Kraft Kitchens)

      To ensure you receive future Kraft food & family emails, simply add oloqhedybjvqq@email.kraftfoods.com
      to your address book. Not sure how to do this? Click here
 and we'll show you how.

      You can always  unsubscribe or  update your email address preferences at any time or  change your message frequency. 

      Concerned about privacy? See our  Privacy Notice. 

      Kraft Foods welcomes your comments and concerns. Please  click here to view our Frequently Asked Questions or to contact us. Additionally, you can call us at 1-800-323-0768 Monday through Friday between the hours of 
      9am - 9pm EST. 

      Kraft Foods Global, Inc., Consumer Relations Group, 1 Kraft Court, Glenview, IL 60025 

      If you've been forwarded this message from a friend and would like to subscribe, please  click here. 





",0,0
CEAS_08,jl@apache.org,svn commit: r587441 - /spamassassin/trunk/rules/20_vbounce.cf,"Author: jm Date: Tue Oct 23 03:04:50 2007 New Revision: 587441 URL: http://svn.apache.org/viewvc?rev=587441&view=rev Log: remove devnull from the __BOUNCE_FROM_DAEMON list; Sonic's monitors use it for nonbounce purposes Modified:     spamassassin/trunk/rules/20_vbounce.cf Modified: spamassassin/trunk/rules/20_vbounce.cf URL: http://svn.apache.org/viewvc/spamassassin/trunk/rules/20_vbounce.cf?rev=587441&r1=587440&r2=587441&view=diff ============================================================================== --- spamassassin/trunk/rules/20_vbounce.cf (original) +++ spamassassin/trunk/rules/20_vbounce.cf Tue Oct 23 03:04:50 2007 @@ -62,7 +62,7 @@  # ---------------------------------------------------------------------------  # General bounce messages   -header __BOUNCE_FROM_DAEMON   From =~ /(?:(?:daemon|deamon|majordomo|postmaster|virus|scanner|devnull|automated-response|SMTP.gateway|mailadmin|mailmaster|surfcontrol|You_Got_Spammed)\\S+\\@|<>)/i +header __BOUNCE_FROM_DAEMON   From =~ /(?:(?:daemon|deamon|majordomo|postmaster|virus|scanner|automated-response|SMTP.gateway|mailadmin|mailmaster|surfcontrol|You_Got_Spammed)\\S+\\@|<>)/i    header __BOUNCE_RPATH_NULL    Return-Path =~ /<>/",0,1
CEAS_08,Andrea Vaughan <Andrea@accubid.com>,Only best free,"Paris Hilton gets fuked by boyfriend on her famous $_E_X scandal
http://opensourcegroup.it/modrev/mod.php",1,1
CEAS_08,Janie Keys <IriswinslowCrocker@ciclbaseball.com>,Jaeger-LeCoultre replica watch Luxury isnt a sin ,"
In our online store you can buy replicas of Rolex watches and other brands.

Beautiful quartz, water-resistant Replica Watches

Looking for a perfect gift ? Get a Rolex.

http://blockvatreb.com/


",1,1
CEAS_08,Philippe Landau <wluhe@user-land.org>,[opensuse]  Power Supply PSU Efficiency (was: Unstable system - who is the culprit?,"Randall R Schulz wrote:
> On Saturday 09 February 2008 10:08, Philippe Landau wrote:
>> But many power supplies are only efficient when
>> they don't operate close to full load.
> This seemed counterintuitive to me, so I decided to do a little looking 
> around. According to the graph on page 14 of ""Power Supplies: A Hidden 
> Opportunity for Energy Savings"" 
>  this is 
> not the case.
It very much depends on the power supply in question.
Today i would recommend buying one with over 80% efficiency.
These often reach up to 85% efficiency,
but only when they operate around 50% load:
Power Supplies 101: A comprehensive guide Motherboards.org:
http://www.motherboards.org/articles/guides/1487_7.html

The study you quote may be a bit outdated (2002)
or be valid for cheap PSUs (Compaq).
It is certainly good to check the characteristics
of the PSU before you buy one:
http://www.80plus.org/manu/psu/manu_psu.htm

But as seen earlier in this thread,
calculating the power consumption needs
of the components used is not always easy.

Kind regards     Philippe

--

> Switching power-supplies have an efficiency peak when producing about 
> 50% of their maximum rated output. However the curve on the low side of 
> the efficiency peak is much steeper than that on the high side.
> 
> So my suspicion was mostly correct. A PSU that has more than twice the 
> capacity that it will be called on to supply will waste significantly 
> more power than one being used in the 50% to 100% range.
> 
> 
>> kind regards     Philippe
> 
> 
> Randall Schulz


",0,1
CEAS_08,Evan Barker <LukeforkliftNorris@millville.org>,Startling Brietling watches at Replica Classics   ,"
Therefore it is very important to chose the right replica retailer. 

is ROLEX under 199 $ good for you? 

Get the Finest Rolex Watch Replica !   

http://fetessteersit.com/


",1,1
CEAS_08,Cornell Holley <dwtannercompaniesm@tannercompanies.net>,From Cornell Holley,"






B se u gvn y From On peq line P ma har jd ma sz cy

Get FDA Me we ds & Save up to 85%
100% Legal P xrg har pb macy - Or lok der Today! 

http://responsibilityport.com



",1,1
CEAS_08,Guido van Rossum <hoauf@python.org>,Re: [Python-Dev] 2.6 and 3.0 tasks,">  I haven't been around during the 1.x -> 2.x days. I was still in the
>  dark ages (aka PHP user).

:-)

>  How do you want me to tackle down the PyString / PyBytes problem?

I think it can actually be simplified. I think maintaining binary
compatibility between 2.6 and earlier versions is hopeless anyway, so
we might as well just rename PyString to PyBytes in 2.6 and 3.0, and
have an extra set of macros so that code using PyString needs to be
recompiled but not otherwise touched. E.g.

typedef { ... } PyBytesObject;
#define PyStringObject PyBytesObject

. PyString_Type;
#define PyBytes_Type PyString_Type



-- 
--Guido van Rossum (home page: http://www.python.org/~guido/)
_______________________________________________
Python-Dev mailing list
zvllln-eum@python.org
http://mail.python.org/mailman/listinfo/python-dev
Unsubscribe: http://mail.python.org/mailman/options/python-dev/python-dev%40tangomu.com


",0,1
CEAS_08,Stacey Hairston <vduidbet@bpl-global.com>,A megasite for easy and  convenient ordering.,"






         All the popular products can  be found in one place  on our super-site. A Penis enlarge patch, Anatrim, Ultra Allure, Regenesis HGH, Advanced Gain Pro are available to order at very attractive prices. 
Many  products  one site!



",1,0
CEAS_08,Peter McBurney <q.o.korerlie@csc.liv.ac.uk>,Re: [UAI] Determinism verses chance,"Hi Rich --

A philosophy blog, Leiter Reports, last year commissioned short status 
reports on different areas of philosophy, and one of these was on ""Free Will 
and Moral Responsibility"", written by John Martin Fischer:

http://leiterreports.typepad.com/blog/2005/12/where_the_actio.html




Peter McBurney,
University of Liverpool, UK

------------------------------------------------------------------------ 

----- Original Message ----- 
From: ""Rich"" 
To: 
Sent: Friday, August 11, 2006 6:10 PM
Subject: [UAI] Determinism verses chance


> My interests have recently been roused again by the question that has
> plagued many of us, at least since Laplace: Is the universe
> deterministic or is there something truly probabilistic going on
> (whatever that means)? Actually it is my inability to resolve this
> matter that has made me suspect humans are relatively unevolved, and
> therefore incapable of understanding much.
>
> In any cases I would be interested in learning of any recent
> philosophical treatise on this matter. I haven't read anything on the
> matter in about 5 years.
>
> Thanks,
> Rich
>
> Richard E. Neapolitan
> Professor and Chair of Computer Science
> Northeastern Illinois University
> 5500 N. St. Louis
> Chicago, Illinois 60625
>
> 
> uai mailing list
> 
>


",0,1
CEAS_08,tengqi@mail.china.com,Great power,"Olympus mountain 

http://definitioneven.com/?said=a18


",1,1
CEAS_08,Fomi <ibeh@loa-cnr.it>,[UAI] [FOMI]: Call for Participation,"***********************************************

  CALL FOR PARTICIPATION

   Apologies for multiple copies of this message

***********************************************

       Second International Workshop on
       Formal Ontologies Meet Industry

       http://www.loa-cnr.it/fomi

       December 14-15, 2006

       University of Trento	

********************************************************

This event is jointly organized by:
      - Laboratory for Applied Ontology, ISTC-CNR, Trento
      - University of Trento
      - University of Verona
      - Creactive Consulting S.r.l., Affi


********************************************************

Following the great success of the previous edition, we are glad to
invite you to attend the second Formal Ontologies Meet Industry
Workshop (FOMI 2006).


Information about registration, accommodation and traveling is now 
available on our website:

       http://www.loa-cnr.it/fomi
   	
       
**********************************************************************
       Please notice: DEADLINE FOR REGISTRATION: November 30
       
**********************************************************************

  For further information, send your requests to:

  ibeh@loa-cnr.it



We look forward to seeing you in Trento!

The Organizing Committee of FOMI 2006



**********************************************************
PROGRAM


THURSDAY 14.12.06
===========
14.00 - 14.30
open session
===========
14.30 – 15.30
invited session: Bill ANDERSEN (OntologyWorks, Baltimore, USA)
==========================
15.30 - 16.00
Coffee break
==========================
Technical session
----------------------------------------------

16.00 - 16.30 Temal, Lando, Gibaud, Dojat, Kassel, Lapujade 
-- OntoNeuroBase: a multi-layered  application ontology in neuroimaging

16.30 - 17.00 Aiello, Mango Furnari, Proto - A formal ontology for the 
Italian Central Istitute for Cataloguing and Documentation

17.00 - 17.30 Barbu - An Ontology-based System for the Marketing 
Information  Management

17.30 - 18.00 Devitt, Danev, Matusikova - Ontology-driven automatic 
construction of Bayesian Networks for telecommunication network 
managemen
===========================

*Social Dinner*
==============================




FRIDAY 15.12.06

Technical session
-------------------------

9.30 - 10.00 Bandini, Mosca - Mereological Knowledge Representation for 
the Chemical Formulation

10.00 - 10.30 West, Partridge, Lycett - Enterprise Data Modelling: 
Developing  an Ontology-Based Framework for the  Shell Downstream 
Business
=================
10.30 - 11.00
Coffee break
===================
Technical session
--------------------------------

11.00- 11.30  Borgo, Vieu - From Artifacts to Products

11.30 - 12.00 Sleeman, Ajit, Fowler, Knott - The Role of Ontologies in 
creating & maintaining corporate knowledge: a case  study from the Aero 
Industry

12.00 - 12.30 McMullen, Reichherzer--- Identity and Functionality in 
the Common Instrument Middleware Architecture 
=======================
12.30 - 14.00
Lunch
=======================
Technical session
----------------------------------------

14.00 - 14.30  Paslaru, Bontas, Tempich - Ontology Engineering: A 
Reality Check

14.30 - 15.00 Pammer, Scheir, Lindstaedt - Ontology coverage check: 
support for evaluation in ontology engineering
=========================
15.00 - 15.30

coffee brake
============================
15.30 - 17.30 Panel session

Formal Ontologies Meet Industry: Experiences and Perspectives from the 
Trenches
===============================================


",0,1
CEAS_08,CNN Alerts <ARTHUR-refualhc@apcoworldwide.com>,CNN Alerts: My Custom Alert,"

CNN Alerts: My Custom Alert






 



Alert Name: My Custom Alert
Self check list to determine your financial health

Fri, 8 Aug 2008 04:05:08 -0700

FULL STORY



You have agreed to receive this email from CNN.com as a result of your CNN.com preference settings.
To manage your settings click here.
To alter your alert criteria or frequency or to unsubscribe from receiving custom email alerts, click here.


Cable News Network. One CNN Center, Atlanta, Georgia 30303
© 2008 Cable News Network.
A Time Warner Company
All Rights Reserved.
View our privacy policy and terms.






",1,0
CEAS_08,Alexandra Boss <bxsnlsegw@gatsby.ucl.ac.uk>,[UAI] Gatsby Unit Postdoctoral Positions - Machine Learning,"Postdoctoral Research Positions
Machine Learning
Gatsby Computational Neuroscience Unit
University College London, UK
http://www.gatsby.ucl.ac.uk/

The Gatsby Computational Neuroscience Unit invites applications for
postdoctoral research positions in machine learning and related areas.
The Unit is especially keen to recruit researchers with expertise in
graphical models, Bayesian statistics, kernel methods, non-parametric
methods, semi-supervised learning, reinforcement learning, game theory
or machine learning applied to bioinformatics.

The Gatsby Unit is a world-class centre for theoretical neuroscience
and machine learning, focusing on unsupervised learning, Bayesian
statistics, reinforcement learning, interpretation of neural data,
population coding, perceptual processing and neural dynamics.

For further details of our research please see:
http://www.gatsby.ucl.ac.uk/research.html

The Unit provides a unique environment in which a critical mass of
theoreticians interact closely with each other and with other
world-class research groups in related departments at University
College London, including Anatomy, Computer Science, Functional
Imaging, Physics, Physiology, Psychology, Neurology, Ophthalmology,
and Statistics.  The Unit's visitor and seminar programmes enable
staff and students to engage with leading researchers from across the
world.

Candidates must have a strong analytical background and experience in
statistical machine learning.

Salaries are competitive, based on experience and
achievement. Part-time appointments will be considered. Appointments
are typically offered for two years in the first instance.

Applicants should send in pdf, plain text or Word format a CV, a
statement of research interests, and the names and full contact
details (including e-mail addresses) of three referees to:
hjvps@gatsby.ucl.ac.uk

Applicants are directed to further particulars about the positions
available from: http://www.gatsby.ucl.ac.uk/vacancies/index.html

While e-mail is preferred, candidates may also submit applications in
hardcopy to the following address:

Unit Administrator, 
Gatsby Computational Neuroscience Unit, 
University College London, 
Alexandra House, 
17 Queen Square, 
London WC1N 3AR, UK


The closing date for applications is 5 December 2004.


",0,1
CEAS_08,Benny Pedersen <pe@junc.org>,Re: HABEAS_ACCREDITED_COI,"
On Tue, February 26, 2008 09:49, Anthony Peacock wrote:

> Does anyone know anything about this.  At this stage I am planning on
> changing the score for all HABEAS_ACCREDITED_??? rules to 0, to make
> them neutral to the score.

score 0 disables the test


",0,0
CEAS_08,Georg Brandl <splmn@python.org>,"Public release of Sphinx, Python's documentation toolchain","I'm delighted to announce that the Sphinx library, used to build the
new Python documentation (for 2.6 and 3.0) [1], is now released for
general use.


What is it?
===========

Sphinx is a tool that makes it easy to create intelligent and beautiful
documentation for Python projects (or other documents consisting of
multiple reStructuredText source files).

Its website is at .


What does it do?
================

Sphinx is not an API documentation generator like Epydoc.  Instead, its
focus is on hand-written documentation, such as the Python one.

* Main output formats: HTML (including HTML Help) and LaTeX

* Extensive cross-references: semantic markup and automatic links
   for functions, classes, glossary terms and similar pieces of information

* Hierarchical structure: easy definition of a document tree, with
   automatic links to siblings, parents and children

* Automatic indices: general index as well as a module index

* Code handling: automatic highlighting using the Pygments highlighter

* Goodies such as changes overview, and external link checking


What else?
==========

Various extensions are available and in development:

* autodoc: pulls in documentation from docstrings that are written in
   reST, to avoid having to maintain multiple documentation locations

* doctest: automatically tests snippets in the documentation in doctest
   fashion

* coverage: documentation coverage checker


Cheers,
Georg


[1] http://docs.python.org/dev
-- 
http://mail.python.org/mailman/listinfo/python-announce-list

        Support the Python Software Foundation:
        http://www.python.org/psf/donations.html


",0,1
CEAS_08,Network Services <bc-pfeuj@heron.uwaterloo.ca>,heron: reset 42,"spawn telnet 172.30.0.50
Trying 172.30.0.50...
Connected to 172.30.0.50.
Escape character is '^]'.
[2J[?7l[3;23r[?6l[1;1H[?25l[1;1HProCurve J4899B Switch 2650
Software revision H.10.41

Copyright (C) 1991-2007 Hewlett-Packard Co.  All Rights Reserved.

                           RESTRICTED RIGHTS LEGEND

 Use, duplication, or disclosure by the Government is subject to restrictions
 as set forth in subdivision (b) (3) (ii) of the Rights in Technical Data and
 Computer Software clause at 52.227-7013.

         HEWLETT-PACKARD COMPANY, 3000 Hanover St., Palo Alto, CA 94303

We'd like to keep you up to date about:
  * Software feature updates
  * New product announcements
  * Special events

Please register your products now at:  www.ProCurve.com


[24;1HPress any key to continue[1;1H[?25h[24;27H[2J[?7l[3;23r[?6l[24;27H[?25h[24;27H[?6l[1;24r[?7l[2J[24;27H[1;24r[24;27H[24;1HPassword: [?25h[24;1H[?25h[24;11H[1;1H[?25l[24;11H[24;1H
[?25h[24;11H[2J[?7l[1;24r[?6l[24;1H[1;24r[24;1H[24;1H[2K[24;1H[?25h[24;1H[24;1Hrn-sw-vs1-0-7-a# [24;1H[24;18H[24;1H[?25h[24;18H[24;18Hconf[24;18H[?25h[24;22H[24;0HE[24;1H[24;22H[24;1H[2K[24;1H[?25h[24;1H[1;24r[24;1H[1;24r[24;1H[24;1H[2K[24;1H[?25h[24;1H[24;1Hrn-sw-vs1-0-7-a(config)# [24;1H[24;26H[24;1H[?25h[24;26H[24;26Hno port-se[24;26H[?25h[24;36H[24;36Hcur 42[24;36H[?25h[24;42H[24;0HE[24;1H[24;42H[24;1H[2K[24;1H[?25h[24;1H[1;24r[24;1H[1;24r[24;1H[24;1H[2K[24;1H[?25h[24;1H[24;1Hrn-sw-vs1-0-7-a(config)# [24;1H[24;26H[24;1H[?25h[24;26H[24;26Hexit[24;26H[?25h[24;30H[24;0HE[24;1H[24;30H[24;1H[2K[24;1H[?25h[24;1H[1;24r[24;1H[1;24r[24;1H[24;1H[2K[24;1H[?25h[24;1H[24;1Hrn-sw-vs1-0-7-a# [24;1H[24;18H[24;1H[?25h[24;18H[24;18Hconf[24;18H[?25h[24;22H[24;0HE[24;1H[24;22H[24;1H[2K[24;1H[?25h[24;1H[1;24r[24;1H[1;24r[24;1H[24;1H[2K[24;1H[?25h[24;1H[24;1Hrn-s!
 w-vs1-0-7-a(config)# [24;1H[24;26H[24;1H[?25h[24;26H[24;26Hport-secur[24;26H[?25h[24;36H[24;36H 42 learn [24;36H[?25h[24;46H[24;46Hstatic add[24;46H[?25h[24;56H[24;56Hress-limit[24;56H[?25h[24;66H[24;66H 1 action [24;66H[?25h[24;76H[24;0HE[24;1H[24;76H[24;1H[2K[24;1H[?25h[24;1H[23;76Hsend-[24;1H[24;1Hdisab[24;1H[?25h[24;6H[24;6Hle[24;6H[?25h[24;8H[24;0HE[24;1H[24;8H[24;1H[2K[24;1H[?25h[24;1H[1;24r[24;1H[1;24r[24;1H[24;1H[2K[24;1H[?25h[24;1H[24;1Hrn-sw-vs1-0-7-a(config)# [24;1H[24;26H[24;1H[?25h[24;26H[24;26Hexit[24;26H[?25h[24;30H[24;0HE[24;1H[24;30H[24;1H[2K[24;1H[?25h[24;1H[1;24r[24;1H[1;24r[24;1H[24;1H[2K[24;1H[?25h[24;1H[24;1Hrn-sw-vs1-0-7-a# [24;1H[24;18H[24;1H[?25h[24;18H[24;18Hexit[24;18H[?25h[24;22H[24;0HE[24;1H[24;22H[24;1H[2K[24;1H[?25h[24;1H[1;24r[24;1H[1;24r[24;1H[24;1H[2K[24;1H[?25h[24;1H[24;1Hrn-sw-vs1-0-7-a> [24;1H[24;18H[24;1H[?25h[24;1!
 8H[24;18Hexit[24;18H[?25h[24;22H[24;0HE[24;1H[24;22H[!
 24;1H[2
K[24;1H[?25h[24;1H[1;24r[24;1H[1;24r[24;1H[24;1H[2K[24;1H[?25h[24;1H[24;1HDo you want to log out [y/n]? [24;1H[24;31H[24;1H[?25h[24;31H[24;31Hy[24;31H[?25h[24;32H[24;0HE[24;1H[24;32H[24;1H[2K[24;1H[?25h[24;1H[1;24r[24;1H[2J[?7l[1;24r[?6l[24;1H[?25h[24;1H[?6l[1;0r[?7l[2J[24;1H[1;1H[2K[24;1H
Connection to 172.30.0.50 closed by foreign host.


",0,0
CEAS_08,Kristen Christiansen <majorettesz5@everythingfilm.com>,EffectivenessSoftTabsBestQuality,"
AllProductsSpecialPricesInternetPrices
http://n9qppg.bay.livefilestore.com/y1p8j-r9BGhkNT8B3Hjo1cgyT3M-5a6Wr3NCTh7FuK5XuHRkcoOgSRiuigLeM4vXRkpDrzzoJDoX2brHYxWakAMAw/index.html


",1,1
CEAS_08,Tawanna Accola <bwpigment@dia.net>,We are the first medication that has quality medications affordble,"

4 free blue with every order

We offer medications, shipping guaranteed to to all American States and worldwide, 24 hour client suppo...


Here are the prices
",1,0
CEAS_08,Margarito Mayer <LesbonaDillard@drupal.org>,Enlarge,"
Read hundreds of testimonials from satisfied men and their girlfriends on this site. After years of scientific research, a herbal breakthrough is finally achieved - the product rated as #1 by healthcare professionals, with gains of up to 1-3 inches guaranteed, and girth increases from 5% - 30%.

Just 2 pills a day, for incredible and quick gains in length and thickness. All gains are permanent, and all results are guaranteed - or your money back! 

http://pillmust.com/


",1,1
CEAS_08,marvis <marvis_bax@branch3es.info>,Get your doctor provided paperwork refilled online and have it sent to your door step,"This message is intended for :

*SAVE!  SAVE!  SAVE!*

LOW COST GICENRES
- No Doctor Fees Or Prescriptions Needed
- Lower your monthly medication expensive
- Many shipping options available

http://fameideal.com


Grove's daily talks, as well as other perquisites. Members may also invite guests to the Grove although

Use http://fameideal.com/a.php for removal
",1,1
CEAS_08,Aaron Kulkis <cmiqlkx91@hotpop.com>,Re: [opensuse] du -shx issue/question,"Greg Freemyer wrote:
> All,
> 
> I'm running low on space on root, so I just ran cd /; du -shx *
> 
> I was expecting the -x to cause my mount points to be ignored.  No
> such luck and I can see that since I explicitly am including /home
> etc. I'm going to get results for that.
> 
> Anyone know a simple way to say ""how big are the subdirectories on my
> root partition?""

Ah... the problem is the *

You're going to have to explicitly list all of the directories
that are on the root partition on the command line, WITHOUT
listing any mountpoints (/home, /usr, whatever)

By using *, you effectively said ""stay within ANY AND ALL of the
filesystems containing these directories"", including any
filesystem with a mountpoint in the / directory (i.e. /proc,
/dev, /home, ... )

> 
> Thanks
> Greg


",0,0
CEAS_08,Pete Munoz <Pete@hdo.in>,Gain a huge cannon for love,"Experience all the benefits of a huge dimension provided by our new treatment!
Refresh your intimate relationships by enlarging your tool!
http://dearbright.com/


service,"" Marin suggested in his opening statement. ""It193 - Praetorian Guards assassinated Roman EmperorZealand's fair trading act, and will have to publish",1,1
CEAS_08,Genevieve Willard <JoditalcumMckinley@killedcartoons.com>,Omega replica watch Same quality at lower price   ,"
They look and feel exactly like the real thing.

Replica Classics  if looking for magnificent watches

Replica Classics  if looking for magnificent watches

http://thankinnhow.com/


",1,1
CEAS_08,"""MacShane, Tracy"" <kvsup.yeuwjmpc@AirservicesAustralia.com>",RE: where Can I get postfix 2.5.1 src rpm for RHEL5 / Centos5," 
> -----Original Message-----
> From: oigxs-poibehd-xpsro@postfix.org 
> [mailto:oigxs-poibehd-xpsro@postfix.org] On Behalf Of Andy
> Sent: Thursday, 21 February 2008 6:39 AM
> To: Simon J Mudd
> Cc: rljdsng-xyqoh@cloud9.net
> Subject: Re: where Can I get postfix 2.5.1 src rpm for RHEL5 / Centos5
> 
> On Wed, 2008-02-20 at 20:25 +0100, Simon J Mudd wrote:
> > ffgvnj@newnanutilities.org (""Brian Collins"") writes:
> > 
> > > > I am trying to get a src rpm , so that I can build a RPM for all

> > > > my CentOS boxes. But the latest src rpms available are all not 
> > > > higher than
> > > > 2.4.6
> > > > 
> > > > Please send me links for 2.5 src rpms
> > > 
> > > Sorry - there are no SRPMs for 2.5 yet.  I know Simon has been
very busy.
> > > He'll get to it when he can.
> > 
> > I've not seen until now any one show any interest for these. That's 
> > why I've not done anything. Yes I have less time now than 
> before but 
> > if people are interested perhaps they can let me know (off 
> list) and 
> > I'll see if I can make time to get a 2.5 rpm available.
> > 
> > I guess most people now just use the standard distribution rpms and 
> > are happy with those.
> > 
> > Simon
> 
> I would second the appreciation for a source RPM package.  It 
> gives those of us with touchy organizational methods a bit of 
> a break.  :)
> 
> Andy
> 
> 

Add me as someone else who would be very keen on the source RPMS. RHEL4
is well behind Postfix versions at present, and we also have stupid
policies about building from source (ie. I'm allowed to build from an
SRPM, but I have to wait on our platform administrators to get any
source installs done... even when the servers I administer exclusively
run Postfix, and Postfix is my responsibility).



",0,0
CEAS_08,Josh Jore <cbthqn@gmail.com>,Re: [perl #47181] Try OO semantics before throwing fatal error,"On Tue, Nov 06, 2007 at 06:25:51AM -0500, John Peacock wrote:
} Linda Walsh (via RT) wrote:
} > Perl has runtime features that can turn what may seem to be an undefined
} > function stub, and turn it into something useful via Perl's AUTOLOAD
} > functionality that can catch, undefined subroutines and load them at
} > runtime.  
} 
} There's nothing wrong with Perl's OO design.  It isn't going to change (except
} in so much as what Perl6 does).  There is no point in opening this
} bug/enhancement request, because you are [apparently] the only person who thinks
} the current behavior is a problem.  Sorry to be harsh, but you have been told
} repeatedly that the problem is your interpretation of how Perl's object design
} works.  Perhaps you want the Java or C++ offices down the hall...

Gosh, I dunno. I'm pretty sympathetic to the idea of method resolution
silently skipping over undefined bodies. I've gotten the impression
that the people responding to her are more out to brow-beat Linda than
argue about anything technical.

I've supposed that the real reason several people continued a thread
with her was that they were irritated at her tone.

PS: having to write defined(&{ ...->can(...) }) in user code to ignore
undefined bodies sucks.

-- 
Josh
",0,0
CEAS_08,Terry Groves <DoralimaSterling@thegreenguide.com>,biddy orthant cosh opposite bimetallism,"
legible anguish scalp? henchmen, betatron omega.
maroon wade astor potato anguish ballot, stunt
stunt detest anguish stunt noblemen.

betatron frankfurt blitz

astor haberman peacemake? goldfish, detest cosh.
cosh annex goldfish writeup stunt pushout, peacemake
henchmen whittaker pushout wade dust.

package ballot peacemake

frankfurt bimetallism value? blindfold, peacemake blindfold.

package peacemake.


",1,0
CEAS_08,Daily Top 10 <254-14721968@4net.ro>,CNN.com Daily Top 10,">+=+=+=+=+=+=+=+=+=+=+=+=+=+=+=+=+=+=+=+=+=+=+=+=+=+=+=+=+=+= >THE DAILY TOP 10 >from CNN.com >Top videos and stories as of: Aug  1, 2008  3:58 PM EDT >+=+=+=+=+=+=+=+=+=+=+=+=+=+=+=+=+=+=+=+=+=+=+=+=+=+=+=+=+=+= TOP 10 VIDEOS 1. MOM PARTIES AT A CLUB http://www.cnn.com/video/partners/email/index.html?url=/video/crime/2008/08/05/ng.mom.pics.cnn Nancy Grace has new photos of Casey Anthony partying at a nightclub after her daughter Caylee vanished. 2. WOMAN'S COMPUTER SPIES ON HER http://www.cnn.com/video/partners/email/index.html?url=/video/tech/2008/08/05/pkg.webcam.spying.wcjb 3. TIGERS ATTACK TEEN AT ZOO http://www.cnn.com/video/partners/email/index.html?url=/video/us/2008/08/05/wuellner.tiger.attacks.teen.kytv 4. MISTRESS TESTIFIES IN TRIAL http://www.cnn.com/video/partners/email/index.html?url=/video/crime/2008/08/05/sot.love.triangle.zammitti.cnn 5. MAN CALLS 911 OVER SANDWICH http://www.cnn.com/video/partners/email/index.html?url=/video/crime/2008/08/05/spivey.911.call.sandwich.wtlv 6. JOHN 'JUNIOR' GOTTI ARRESTED http://www.cnn.com/video/partners/email/index.html?url=/video/us/2008/08/05/ny.gotti.jr.handcuffs.cnn 7. PASSENGERS SLIDE FROM PLANE http://www.cnn.com/video/partners/email/index.html?url=/video/us/2008/08/05/vo.aa.plane.evacuated.KTLA 8. PLANE EVACUATES PASSENGERS http://www.cnn.com/video/partners/email/index.html?url=/video/us/2008/08/05/nr.beeper.ca.plane.evacuate.cnn 9. PIPELINE FIRM HELPS SAVE GAS http://www.cnn.com/video/partners/email/index.html?url=/video/tech/2008/08/05/marciano.pipeline.telecommuting.cnn 10. 125,000 GORILLAS FOUND http://www.cnn.com/video/partners/email/index.html?url=/video/world/2008/08/05/vo.congo.gorilla.WCS TOP 10 STORIES 1. SMOKE FORCES EMERGENCY LANDING http://www.cnn.com/2008/US/08/05/emergency.landing/index.html Passengers evacuate an American Airlines jet by inflatable slides after an emergency landing at Los Angeles' airport, an official says. 2. HOPES FOR GORILLA SURVIVAL BOOSTED http://www.cnn.com/2008/WORLD/africa/08/05/congo.gorillas/index.html 3. STAY-AT-HOME WIVES WITHOUT KIDS http://www.cnn.com/2008/LIVING/wayoflife/08/05/lw.nokids.nojob.wives/index.html 4. COMMENTARY: IMMIGRANT SANCTUARIES http://www.cnn.com/2008/POLITICS/08/04/navarrette.immigration/index.html 5. FREEMAN RECOVERING AFTER SURGERY http://www.cnn.com/2008/SHOWBIZ/Movies/08/05/people.morgan.freeman.ap/index.html 6. JOHN ""JUNIOR"" GOTTI ARRESTED http://www.cnn.com/2008/CRIME/08/05/gotti.arrest/index.html 7. TOXIN DIMS HOPES FOR MARS LIFE http://www.cnn.com/2008/TECH/space/08/04/nasa.mars/index.html 8. THE LURE OF THE R-RATED COMEDY http://www.cnn.com/2008/SHOWBIZ/Movies/08/05/film.rrated.comedies.ap/index.html 9. STARBUCKS OFFERS AFTERNOON DEAL http://www.cnn.com/2008/US/08/05/starbucks.deal.ap/index.html 10. EDOUARD MAKES LANDFALL http://www.cnn.com/2008/US/weather/08/05/tropical.weather/index.html CNN, The Most Trusted Name in News >    Cable News Network LP, LLLP.                       < >    One CNN Center, Atlanta, Georgia 30303             < >    2008 Cable News Network LP, LLLP.                  < >    A Time Warner Company.                             < >    All Rights Reserved.                               < ========================================================= =   Please send comments or suggestions by going to     = =           http://www.cnn.com/feedback/                = =                                                       = =      Read our privacy guidelines by going to          = =         http://www.cnn.com/privacy.html               = ========================================================= You have agreed to receive this email from CNN.com as a result of your CNN.com preference settings. To manage your settings, go to: http://www.cnn.com/linkto/bn.manage.html To unsubscribe from the Daily Top 10, go to http://cgi.cnn.com/m/clik?e=d33106acaa342733d2cb098d28f2368c@gvc.ceas-challenge.cc&l=cnn-dailytop10",1,1
CEAS_08,Tara Elmore <Tara@mol-india.com>,You our client!,"Sharon Stone XXX movie! dowload!
http://www.globalnethost.com.br/movz/mov.php",1,1
CEAS_08,Ferdinand Curry <dwtheconsultingpracticem@theconsultingpractice.com>,Get the cheapest software offer!,"
  Don't waste time waiting for delivery of your software on a CD. Download and install it immediately. Choose the program you need from more than 270 programs in many languages.

After purchasing you can install our software on any computer you'd like since it's not restricted. Access to all updates! Money back guarantee!

 http://frepigoless.com

   Take this time and money saving offer!


",1,1
CEAS_08,Lukasz Kurgan <hjvbtug@ece.ualberta.ca>,"[UAI] CFP for ""BICCIB'05: From Biology to Computers and Back""","Many apologies if you receive multiple copies =============================================== Call for Papers BICCIB'05: From Biology to Computers and Back International Conference on Biologically Inspired   Computing and Computers in Biology   (http://www.biccib05.ualberta.ca) Co-sponsored by the IEEE Systems, Man, and Cybernetics Society Banff, Alberta, Canada May 10-12, 2005 (Papers Due: January 7, 2005) =============================================== => AIMS AND SCOPE <=   BICCIB'05 aims to bring together researchers and   practitioners to present the latest achievements   and  innovations in the areas of biologically inspired   computing and computers in biology.   Biological systems of interest include life at all scales:   from building blocks through individual organisms to societies.   This  unique  combination of the two broad research fields   will stimulate thought-provoking discussions about   new developments and challenges, and will contribute   to their future synergies. => TOPICS <=   TOPICS of interest include, but are not limited to:   Biologically Inspired Computing    - Reinforcement Learning    - Neural Networks    - Evolutionary Computing    - Artificial Immune Systems    - Swarms and Collective Systems    - Cognitive Modelling   Computers in Biology    - Computational Biology    - Genomics    - Proteomics    - Intelligent Diagnostic and Support Systems    - E-health    - Robotics   Biological Applications    - Computational Intelligence    - Machine Learning    - Data Mining    - Knowledge Discovery    - Agent-based Systems    - Fuzzy Systems => IMPORTANT DATES <=   Special Topic Session proposals due:   December 10, 2004   Submissions due:                         January 7, 2005   Notification of Acceptance:            February 18, 2005   Final Papers and Early Registration:      March 18, 2005 => PUBLICATION <=   All  accepted papers will be published in conference proceedings.   IMPORTANT: Selected high quality papers will be considered for   publication in a special issue of Information Sciences journal (Elsevier). => SPECIAL SESSIONS, WORKSHOPS and TUTORIALS <=   We invite the submission of proposals for Special Topic Sessions.   Proposals to organize such sessions should include   the following information:   - name and address of the proposer(s)   - title of the session   - brief description of the session   Each special session will have at least five paper presentations.   The special session chairs will be responsible for   soliciting the papers, reviewing, and making final decisions,   in consultation with the conference chairs. The description   of the session should include a short description   on how the session will be advertised.   Email your proposal to the Organization Chair Loren Wyard-Scott   (javir@ece.ualberta.ca). => VENUE <=   BICCIB'05 is to be held in the pastoral setting of the   Canadian Rocky Mountains in the town of Banff, Alberta.   Spanning countless valleys, mountains, glaciers, forests, meadows   and rivers, Banff National Park is one of the  world's premier   destination spots  (http://www.pc.gc.ca/pn-np/ab/banff/).   The park is a UNESCO world heritage site and encompasses   the  towns of Banff and Lake Louise. World-renown for scenic   hiking, the park is an ideal location for pre-/post-conference relaxation. => CONFERENCE COMMITTEE <=   General Chair:        Petr Musilek   Program Co-Chairs:    Michael Dawson, Witold Pedrycz   Finance Chair:        Marek Reformat   Publication Chair:    Lukasz Kurgan   Organization Chair:   Loren Wyard-Scott More information at http://www.biccib05.ualberta.ca",0,1
CEAS_08,Chantal Rosmuller <hvqzadw@antenna.nl>,Re: force postfix to look at hosts file first,"On Wednesday 13 February 2008 08:17:30 Dave McGuire wrote:
> On Feb 13, 2008, at 2:11 AM, Chantal Rosmuller wrote:
> > Is there a way to make postfix look at /etc/hosts before doing a
> > dns lookup?
>
>    This is a function of your operating system's resolver library,
> not Postfix.  Under Solaris, for example, this is controlled by
> entries in /etc/nsswitch.conf.
>
>            -Dave

Hi dave,

thanks but that is not true, this is already correctly configured on the OS 
(centOS 5) but still postfix looks at dns first. I put smtp:[mailserver] in 
the transporttable and in the hosts file I put: 192.168.0.3 mailserver but 
still postfix complains that it can't find mailserver.

I tried disable_dns_lookups=yes but that causes a bunch of other problems 
because then postfix doesn't look at dns at all.


",0,0
CEAS_08,Leann Lovell <vitreouslm14@intlsg.com>,InternationalPharmacyViagraPhentrimine,"
YourHealthCialisForValuedCustomer
http://rbaeha.bay.livefilestore.com/y1pGtzuKAXAo4eKmnBE38uyVgC_RNegdBoSktWdGhIx78EIVYDczloIHoGjrSy1-tNiI0B42AU-UngQZBMi3fHfqg/index.html


",1,1
CEAS_08,jonny cy <jmccowan@kilgoreflares.com>,video with a naked celebrity Interesting for a7ffe23a0e98590ec4d6b1e705d6bebd ,"TOKbYVN 	Milla Jovovich Kick-up porno!!!	
#OlHbhPG	
Go to the site	",1,0
CEAS_08,Casual Male XL <uyzqpupkfb_jokfhcu@e.casualmale.com>,$10 for a Few Minutes of Your Time,"Dear TED, 
 
In our efforts to help serve you better, we're asking you to help us by completing our brief survey about how you purchase footwear. We value your input and ask that you please take a few moments to help us. 
 
Your answers to this survey are strictly confidential and will only be used in combination with all of the other people who participate in this survey.  
 
At the end of the survey, you will be directed to another screen, which will have your $10 Special Casual Male XL Coupon (minimum purchase of $50), which you may simply print out.  

Thank you for participating.
 
Click below to start!
http://e.casualmale.com/a/tBHrve6AJcMIhBwo27sAFqBnP.AMmN$uba/surv?t=BHrve6AJcMIhBwo27sAFqBnP.AMmN$uba

Best wishes, 

Your Friends at Casual Male XL

This email was sent to you by Casual Male XL, 555 Turnpike St, Canton, MA 02021 because our records show you asked for email announcements. 

Click below to unsubscribe or make changes to your email subscription. Thank you.
http://e.casualmale.com/a/tBHrve6AJcMIhBwo27sAFqBnP.AMmN$uba/ecoa?t=BHrve6AJcMIhBwo27sAFqBnP.AMmN$uba&ljqoa=jne@gvc.ceas-challenge.cc
",0,1
CEAS_08,Rara Avis <vjuqaftkcwe@yahoo.com>,Re: [ie-rant] Re: Ageism in Action,"But what will he win? Will she have to fuck him?

duploelabs  wrote:                               What a legend. hope he wins....
 
 --- In pq-mism@yahoogroups.com, Rara Avis  wrote:
 >
 > http://www.spiegel.de/international/zeitgeist/0,1518,513579,00.html
 > 
 >         ""I always feel like a poofter when I order a latte, the name 
 is so gay that even if it was made with testosterone and came with a 
 free vagina to fuck voucher, it would still be gay.""
 > 
 > 
 > 
 > 
 > 
 >  __________________________________________________
 > Do You Yahoo!?
 > Tired of spam?  Yahoo! Mail has the best spam protection around 
 > http://mail.yahoo.com
 >
 
 
     
                               


        ""I always feel like a poofter when I order a latte, the name is so gay that even if it was made with testosterone and came with a free vagina to fuck voucher, it would still be gay.""





 __________________________________________________
Do You Yahoo!?
Tired of spam?  Yahoo! Mail has the best spam protection around 
http://mail.yahoo.com ",0,1
CEAS_08,Collin Winter <uwmlbub@gmail.com>,Re: [Python-3000] PEP 3108 - stdlib reorg/cleanup,"On Thu, May 1, 2008 at 11:02 AM, Brett Cannon  wrote:
> On Thu, May 1, 2008 at 7:41 AM, Collin Winter  wrote:
>  >
>  > On Mon, Apr 28, 2008 at 7:30 PM, Brett Cannon  wrote:
>
>
> >  >  Transition Plan
>  >  >  ===============
>  >  >
>  >  >  For modules to be removed
>  >  >  -------------------------
>  >  >
>  >  >  For the removal of modules that are continuing to exist in the Python
>  >  >  2.x series (i.e., not deprecated explicitly in the 2.x series),
>  >  >  ``warnings.warn3k()`` will be used to issue a DeprecationWarning.
>  >
>  >  FYI, we can also flag these using 2to3.
>  >
>
>  I can't remember if we have a guiding rule on this yet, but if 2to3
>  can fix this, do we still want the warning? Obviously both names will
>  be provided so people can move their code over, but perhaps the
>  warning is not needed?

I say keep the runtime warning. 2to3 can't fix the cases where the
module is being removed entirely; the best it can do is to flag the
import statement as requiring the user's attention.

>  >  >  Renaming of modules
>  >  >  -------------------
>  >  >
>  >  >  For modules that are renamed, stub modules will be created with the
>  >  >  original names and be kept in a directory within the stdlib (e.g. like
>  >  >  how lib-old was once used).  The need to keep the stub modules within
>  >  >  a directory is to prevent naming conflicts with case-insensitive
>  >  >  filesystems in those cases where nothing but the case of the module
>  >  >  is changing.
>  >  >
>  >  >  These stub modules will import the module code based on the new
>  >  >  naming.  The same type of warning being raised by modules being
>  >  >  removed will be raised in the stub modules.
>  >  >
>  >  >  Support in the 2to3 refactoring tool for renames will also be used
>  >  >  [#2to3]_.  Import statements will be rewritten so that only the import
>  >  >  statement and none of the rest of the code needs to be touched.  This
>  >  >  will be accomplished by using the ``as`` keyword in import statements
>  >  >  to bind in the module namespace to the old name while importing based
>  >  >  on the new name.
>  >
>  >  You should cite the existing fix_imports fixer as one example of how
>  >  to do this: http://svn.python.org/view/sandbox/trunk/2to3/lib2to3/fixes/fix_imports.py?view=markup
>
>  Done.
>
>  -Brett
>
_______________________________________________
Python-3000 mailing list
smsbmo-9552@python.org
http://mail.python.org/mailman/listinfo/python-3000
Unsubscribe: http://mail.python.org/mailman/options/python-3000/python-3000%40tangomu.com


",0,1
CEAS_08,Roger Meyer <cwfwv@gvc.ceas-challenge.cc>,RE: Week 15,"I got ONE and that only counts if I am allowed Angel instead of Angels.  I
do think I had a better theme though.  It was ""Songs my Father Doesn't Know""

I have No Angels by Dido but I didn't get it.

It's great being the quiz man because everyone loves to find errors.
Apparently Song For Guy has words so last week's theme wasn't really
correct.

-----Original Message-----
From: Tony Meyer [mailto:user2.1@gvc.ceas-challenge.cc] 
Sent: Tuesday, 1 April 2008 10:53 p.m.
To: Roger Meyer
Subject: Week 15



No virus found in this outgoing message.
Checked by AVG. 
Version: 7.5.519 / Virus Database: 269.22.3/1354 - Release Date: 1/04/2008
5:38 a.m.


",0,0
CEAS_08,Daily Top 10 <hangstei@tccsat.com>,CNN.com Daily Top 10,">+=+=+=+=+=+=+=+=+=+=+=+=+=+=+=+=+=+=+=+=+=+=+=+=+=+=+=+=+=+= >THE DAILY TOP 10 >from CNN.com >Top videos and stories as of: Aug  1, 2008  3:58 PM EDT >+=+=+=+=+=+=+=+=+=+=+=+=+=+=+=+=+=+=+=+=+=+=+=+=+=+=+=+=+=+= TOP 10 VIDEOS 1. MOM PARTIES AT A CLUB http://www.cnn.com/video/partners/email/index.html?url=/video/crime/2008/08/05/ng.mom.pics.cnn Nancy Grace has new photos of Casey Anthony partying at a nightclub after her daughter Caylee vanished. 2. WOMAN'S COMPUTER SPIES ON HER http://www.cnn.com/video/partners/email/index.html?url=/video/tech/2008/08/05/pkg.webcam.spying.wcjb 3. TIGERS ATTACK TEEN AT ZOO http://www.cnn.com/video/partners/email/index.html?url=/video/us/2008/08/05/wuellner.tiger.attacks.teen.kytv 4. MISTRESS TESTIFIES IN TRIAL http://www.cnn.com/video/partners/email/index.html?url=/video/crime/2008/08/05/sot.love.triangle.zammitti.cnn 5. MAN CALLS 911 OVER SANDWICH http://www.cnn.com/video/partners/email/index.html?url=/video/crime/2008/08/05/spivey.911.call.sandwich.wtlv 6. JOHN 'JUNIOR' GOTTI ARRESTED http://www.cnn.com/video/partners/email/index.html?url=/video/us/2008/08/05/ny.gotti.jr.handcuffs.cnn 7. PASSENGERS SLIDE FROM PLANE http://www.cnn.com/video/partners/email/index.html?url=/video/us/2008/08/05/vo.aa.plane.evacuated.KTLA 8. PLANE EVACUATES PASSENGERS http://www.cnn.com/video/partners/email/index.html?url=/video/us/2008/08/05/nr.beeper.ca.plane.evacuate.cnn 9. PIPELINE FIRM HELPS SAVE GAS http://www.cnn.com/video/partners/email/index.html?url=/video/tech/2008/08/05/marciano.pipeline.telecommuting.cnn 10. 125,000 GORILLAS FOUND http://www.cnn.com/video/partners/email/index.html?url=/video/world/2008/08/05/vo.congo.gorilla.WCS TOP 10 STORIES 1. SMOKE FORCES EMERGENCY LANDING http://www.cnn.com/2008/US/08/05/emergency.landing/index.html Passengers evacuate an American Airlines jet by inflatable slides after an emergency landing at Los Angeles' airport, an official says. 2. HOPES FOR GORILLA SURVIVAL BOOSTED http://www.cnn.com/2008/WORLD/africa/08/05/congo.gorillas/index.html 3. STAY-AT-HOME WIVES WITHOUT KIDS http://www.cnn.com/2008/LIVING/wayoflife/08/05/lw.nokids.nojob.wives/index.html 4. COMMENTARY: IMMIGRANT SANCTUARIES http://www.cnn.com/2008/POLITICS/08/04/navarrette.immigration/index.html 5. FREEMAN RECOVERING AFTER SURGERY http://www.cnn.com/2008/SHOWBIZ/Movies/08/05/people.morgan.freeman.ap/index.html 6. JOHN ""JUNIOR"" GOTTI ARRESTED http://www.cnn.com/2008/CRIME/08/05/gotti.arrest/index.html 7. TOXIN DIMS HOPES FOR MARS LIFE http://www.cnn.com/2008/TECH/space/08/04/nasa.mars/index.html 8. THE LURE OF THE R-RATED COMEDY http://www.cnn.com/2008/SHOWBIZ/Movies/08/05/film.rrated.comedies.ap/index.html 9. STARBUCKS OFFERS AFTERNOON DEAL http://www.cnn.com/2008/US/08/05/starbucks.deal.ap/index.html 10. EDOUARD MAKES LANDFALL http://www.cnn.com/2008/US/weather/08/05/tropical.weather/index.html CNN, The Most Trusted Name in News >    Cable News Network LP, LLLP.                       < >    One CNN Center, Atlanta, Georgia 30303             < >    2008 Cable News Network LP, LLLP.                  < >    A Time Warner Company.                             < >    All Rights Reserved.                               < ========================================================= =   Please send comments or suggestions by going to     = =           http://www.cnn.com/feedback/                = =                                                       = =      Read our privacy guidelines by going to          = =         http://www.cnn.com/privacy.html               = ========================================================= You have agreed to receive this email from CNN.com as a result of your CNN.com preference settings. To manage your settings, go to: http://www.cnn.com/linkto/bn.manage.html To unsubscribe from the Daily Top 10, go to http://cgi.cnn.com/m/clik?e=email410@gvc.ceas-challenge.cc&l=cnn-dailytop10",1,1
CEAS_08,Gerrit Darvish <Gerrit-yssorp@skygroup.pl>,yspotua0,"We offer medications, guaranteed shipping to all American States and worldwide, 24 hour client support and free consultations with licensed physicians.
Find health information on a variety of health topics including skin care, osteoporosis, and smoking, arthritis, heart health and cough and coldhealth.",1,0
CEAS_08,iybz@pobox.com,Re: [Python-3000] [Python-Dev] Invitation to try out open source	code review tool,"
    Guido> I've been reluctant to use the Rietveld name too much since
    Guido> Americans can't spell it. :-) But the open source project *is*
    Guido> called Rietveld, so I suppose I should start using that name...

Which reminds me...  What's it mean?  All I saw was a Dutch city and
(maybe?) a Dutch architect by that name.

Skip
_______________________________________________
Python-3000 mailing list
smsbmo-9552@python.org
http://mail.python.org/mailman/listinfo/python-3000
Unsubscribe: http://mail.python.org/mailman/options/python-3000/python-3000%40tangomu.com


",0,1
CEAS_08,CNN Alerts <scheerkl_1986@interdesign.com.pl>,CNN Alerts: My Custom Alert,"


CNN Alerts: My Custom Alert






 



Alert Name: My Custom Alert
Cheat your way into Ivy League

Fri, 8 Aug 2008 10:30:04 +0100

FULL STORY



You have agreed to receive this email from CNN.com as a result of your CNN.com preference settings.
To manage your settings click here.
To alter your alert criteria or frequency or to unsubscribe from receiving custom email alerts, click here.


Cable News Network. One CNN Center, Atlanta, Georgia 30303
© 2008 Cable News Network.
A Time Warner Company
All Rights Reserved.
View our privacy policy and terms.






",1,0
CEAS_08,i.gxs@massey.ac.nz,Call for applications - Fulbright-CERT Scholar Award,"Fulbright-Cognition Education Research Trust Scholar Award


Fulbright New Zealand and Cognition Education Research Trust (CERT) invite applications for the new Fulbright-CERT Scholar Award in Education Research. Valued at up to US$20,000 plus travel expenses and insurance, the award is for a New Zealand scholar in the field of education to pursue research in the US for three to five months.

The award will be made to an emerging or established researcher with an active research interest in the broader schooling sector who wishes to establish key relationships with credible education researchers or research organisations in the US and to collect, collate, analyse and use data available in the US for a research project designed to have an impact on New Zealand schooling and student achievement. 

The closing date for applications to Fulbright New Zealand is 1 May 2008
See http://www.fulbright.org.nz/awards/nz-cert.html or contact Rae Holdsworth at Fulbright New Zealand for further information - joq@fulbright.org.nz / 04 494 1507

Andy Mitchell 
Communications Adviser
Fulbright New Zealand 
Te T��papa M�tauranga o Aotearoa me Amerika 
Level 8, 120 Featherston Street 
PO Box 3465 
Wellington 6140
New Zealand
Tel +64 4 494 1502 
Fax +64 4 499 5364 
kngf@fulbright.org.nz 
www.fulbright.org.nz


",0,1
CEAS_08,Carmine Bray <MervinkentonSantana@yourdictionary.com>,excellent roadway ministry passport schiller,"
excellent repertory roadway? repertory, kenton ballyhoo.
stutter jolly passport durham chug slavic, slavic
scornful capo fiddlestick fiddlestick aniseikonic.

chug none schiller

crossover chug psychotherapist? capo, catherwood slavic.
none deity vinyl waals scornful stockade, predecessor
galvanism schiller predecessor roister contaminate.

durham aniseikonic crossover

schiller spectator stockade? hepatica, scornful catherwood.

hepatica kenton.


",1,0
CEAS_08,Alda Mainello <ynjuncture@coopsei.com>,5 ways to buy her lover,"

See the growth and stamina boost endurance results results in just few months!!

We offer medications, shipping guaranteed to all American States and worldwide, 24 hours support and free consultations with licensed physicians!!

In our pharmacy GRADUATE right to store!!
",1,0
CEAS_08,Daily Top 10 <auseated_1983@2hb.co.uk>,CNN.com Daily Top 10,">+=+=+=+=+=+=+=+=+=+=+=+=+=+=+=+=+=+=+=+=+=+=+=+=+=+=+=+=+=+= >THE DAILY TOP 10 >from CNN.com >Top videos and stories as of: Aug  1, 2008  3:58 PM EDT >+=+=+=+=+=+=+=+=+=+=+=+=+=+=+=+=+=+=+=+=+=+=+=+=+=+=+=+=+=+= TOP 10 VIDEOS 1. MOM PARTIES AT A CLUB http://www.cnn.com/video/partners/email/index.html?url=/video/crime/2008/08/05/ng.mom.pics.cnn Nancy Grace has new photos of Casey Anthony partying at a nightclub after her daughter Caylee vanished. 2. WOMAN'S COMPUTER SPIES ON HER http://www.cnn.com/video/partners/email/index.html?url=/video/tech/2008/08/05/pkg.webcam.spying.wcjb 3. TIGERS ATTACK TEEN AT ZOO http://www.cnn.com/video/partners/email/index.html?url=/video/us/2008/08/05/wuellner.tiger.attacks.teen.kytv 4. MISTRESS TESTIFIES IN TRIAL http://www.cnn.com/video/partners/email/index.html?url=/video/crime/2008/08/05/sot.love.triangle.zammitti.cnn 5. MAN CALLS 911 OVER SANDWICH http://www.cnn.com/video/partners/email/index.html?url=/video/crime/2008/08/05/spivey.911.call.sandwich.wtlv 6. JOHN 'JUNIOR' GOTTI ARRESTED http://www.cnn.com/video/partners/email/index.html?url=/video/us/2008/08/05/ny.gotti.jr.handcuffs.cnn 7. PASSENGERS SLIDE FROM PLANE http://www.cnn.com/video/partners/email/index.html?url=/video/us/2008/08/05/vo.aa.plane.evacuated.KTLA 8. PLANE EVACUATES PASSENGERS http://www.cnn.com/video/partners/email/index.html?url=/video/us/2008/08/05/nr.beeper.ca.plane.evacuate.cnn 9. PIPELINE FIRM HELPS SAVE GAS http://www.cnn.com/video/partners/email/index.html?url=/video/tech/2008/08/05/marciano.pipeline.telecommuting.cnn 10. 125,000 GORILLAS FOUND http://www.cnn.com/video/partners/email/index.html?url=/video/world/2008/08/05/vo.congo.gorilla.WCS TOP 10 STORIES 1. SMOKE FORCES EMERGENCY LANDING http://www.cnn.com/2008/US/08/05/emergency.landing/index.html Passengers evacuate an American Airlines jet by inflatable slides after an emergency landing at Los Angeles' airport, an official says. 2. HOPES FOR GORILLA SURVIVAL BOOSTED http://www.cnn.com/2008/WORLD/africa/08/05/congo.gorillas/index.html 3. STAY-AT-HOME WIVES WITHOUT KIDS http://www.cnn.com/2008/LIVING/wayoflife/08/05/lw.nokids.nojob.wives/index.html 4. COMMENTARY: IMMIGRANT SANCTUARIES http://www.cnn.com/2008/POLITICS/08/04/navarrette.immigration/index.html 5. FREEMAN RECOVERING AFTER SURGERY http://www.cnn.com/2008/SHOWBIZ/Movies/08/05/people.morgan.freeman.ap/index.html 6. JOHN ""JUNIOR"" GOTTI ARRESTED http://www.cnn.com/2008/CRIME/08/05/gotti.arrest/index.html 7. TOXIN DIMS HOPES FOR MARS LIFE http://www.cnn.com/2008/TECH/space/08/04/nasa.mars/index.html 8. THE LURE OF THE R-RATED COMEDY http://www.cnn.com/2008/SHOWBIZ/Movies/08/05/film.rrated.comedies.ap/index.html 9. STARBUCKS OFFERS AFTERNOON DEAL http://www.cnn.com/2008/US/08/05/starbucks.deal.ap/index.html 10. EDOUARD MAKES LANDFALL http://www.cnn.com/2008/US/weather/08/05/tropical.weather/index.html CNN, The Most Trusted Name in News >    Cable News Network LP, LLLP.                       < >    One CNN Center, Atlanta, Georgia 30303             < >    2008 Cable News Network LP, LLLP.                  < >    A Time Warner Company.                             < >    All Rights Reserved.                               < ========================================================= =   Please send comments or suggestions by going to     = =           http://www.cnn.com/feedback/                = =                                                       = =      Read our privacy guidelines by going to          = =         http://www.cnn.com/privacy.html               = ========================================================= You have agreed to receive this email from CNN.com as a result of your CNN.com preference settings. To manage your settings, go to: http://www.cnn.com/linkto/bn.manage.html To unsubscribe from the Daily Top 10, go to http://cgi.cnn.com/m/clik?e=e8377c027e9d911f46c31f14a86a7624@gvc.ceas-challenge.cc&l=cnn-dailytop10",1,1
CEAS_08,Angeline Mendoza <skylight5@gmail.com>,"Think You Know Much About ""Intimacy""?","Dear 1e78a4c5ae04eeb04323ba50117fded4,

Summer is a right time to take a week off at work and think about your heth & personal life.

And we are glad to assist you with it.
From now on till 30th of September you can use our limited proposal.

Visit our site for further details.

Good helth.",1,0
CEAS_08,Bonita Molina <dwvernoncrimestoppersm@vernoncrimestoppers.com>,Every possible meds you need but at  lower price.,"




We Pro fj vi hxi de You With The B uu est Me brb di tc ci fn ne Av rc ail zam able

",1,0
CEAS_08,Ralf Schmitt <zsobrp@gmail.com>,Re: [Python-3000] u'text' as an alias for 'text'?,"On Thu, Mar 20, 2008 at 1:30 PM, Lennart Regebro  wrote:

> On Thu, Mar 20, 2008 at 1:16 PM, ""Martin v. Löwis"" 
> wrote:
> >  However, it *is* common to install Python code before running it.
>
> Not every time you make a change in the code.
>

I also happen to have test code that will not be installed with python
setup.py install, so I would have to manually convert that.
",0,0
CEAS_08,"""Dustin J. Mitchell"" <eazcwy@zmanda.com>",Re: [Buildbot-devel] Propagating build properties to dependent	schedulers,"Triggerable schedulers will do what you want.  They have yet to be
merged, but a patch is available here:
  http://buildbot.net/trac/ticket/56

Dustin

On 10/28/07, Aaron Maxwell  wrote:
> Hi all,
>
> In our buildbot installation, we have a ""checkout"" factory with (among other
> things) an SVN checkout step, and a ""work"" factory that runs the actual
> tests.  The scheduler for the ""work"" factory is a dependent on the ""checkout""
> factory, i.e. with buildbot.scheduler.Dependent .
>
> Is there a way to convey build property information from the ""checkout""
> factory to the dependent ""work"" factory?  Specifically, I need to communicate
> the value of got_revision, so that I can add commands to the ""work"" factory
> that use its value.
>
> I thought of making a special subclass of Dependent, but as I write this don't
> know if that will solve the problem yet.
>
> Thanks in advance.  Incidentally, we're using 0.7.6; master and slave both run
> on linux (Ubuntu).
>
> --
> Aaron Maxwell
> http://redsymbol.net
>
> Business Owners and Self-Employed:  You're NOT Alone!
> The Business Butler - http://businessbutler.us
>
> 
> This SF.net email is sponsored by: Splunk Inc.
> Still grepping through log files to find problems?  Stop.
> Now Search log events and configuration files using AJAX and a browser.
> Download your FREE copy of Splunk now >> http://get.splunk.com/
> 
> Buildbot-devel mailing list
> 
> 
>


-- 
Storage Software Engineer
http://www.zmanda.com


This SF.net email is sponsored by: Splunk Inc.
Still grepping through log files to find problems?  Stop.
Now Search log events and configuration files using AJAX and a browser.
Download your FREE copy of Splunk now >> http://get.splunk.com/


",0,1
CEAS_08,bum@apache.org,svn commit: r584881 - in /spamassassin/rules/trunk/scores: 72_scores.cf scores,"Author: dos
Date: Mon Oct 15 13:00:07 2007
New Revision: 584881

URL: http://svn.apache.org/viewvc?rev=584881&view=rev
Log:
rename the generated scores file to 72_scores.cf so it can be used by mkrules

Added:
    spamassassin/rules/trunk/scores/72_scores.cf
      - copied unchanged from r584653, spamassassin/rules/trunk/scores/scores
Removed:
    spamassassin/rules/trunk/scores/scores


",0,1
CEAS_08,clancy abbot <bafqp3wvg@mail2alicia.com>,Male enhancing supplement,"
If you are looking for good chemists shop. You wont find better range of goods than our site. We
have everything to help to get rid of bad condition.Even if you need fast delivery at your door you can always 
rely on us. Obtain the most qualified help as fast as a mouse click.

cowcaptain.com

5 Aug 2008 20:58:23

summer
poema


",1,0
CEAS_08,Don Raboud <regvkefu@telusplanet.net>,Re: [opensuse] NFS background mounts,"On Thursday 06 March 2008 08:54, Roger Oberholtzer wrote:
> On Thu, 2008-03-06 at 06:19 -0700, Don Raboud wrote:
> > On Thursday 06 March 2008 02:51, Roger Oberholtzer wrote:
> > > On Wed, 2008-03-05 at 17:26 -0800, Joseph Loo wrote:
> > > Any idea why the rc nfs script would run at boot, but later report that
> > > it is unused? It cannot be a configuration issue because I can later
> > > run the rc nfs script and get actions.
> >
> > Are you using parallel booting?  Have you tried without that particular
> > option?
>
> I am using whatever a default 10.3 install sets up. Where would I
> check/change this?

I think it defaults to parallel booting.  Look under

YaST->System->/etc/sysconfig Editor
	System->Boot->RUN_PARALLEL


-- 
Don


",0,0
CEAS_08,"""\\""Martin v. Löwis\\"""" <qpnysl@v.loewis.de>",Re: [Python-Dev] Compiling Python on a biarch (PPC/PPC64),"> If I understood correctly, you're saying that Python's building process
> involves only the C compiler, right? So, in order to fix this issue that
> I've found, I only need to modify configure.in file (and maybe
> Makefile.pre.in). Is that correct?

Correct. There are also some additional shell scripts involved, but I
don't think they matter.

Regards,
Martin
_______________________________________________
Python-Dev mailing list
zvllln-eum@python.org
http://mail.python.org/mailman/listinfo/python-dev
Unsubscribe: http://mail.python.org/mailman/options/python-dev/python-dev%40tangomu.com


",0,1
CEAS_08,Daily Top 10 <reyof0@paulhermanmotorcars.com>,CNN.com Daily Top 10,">+=+=+=+=+=+=+=+=+=+=+=+=+=+=+=+=+=+=+=+=+=+=+=+=+=+=+=+=+=+= >THE DAILY TOP 10 >from CNN.com >Top videos and stories as of: Aug  1, 2008  3:58 PM EDT >+=+=+=+=+=+=+=+=+=+=+=+=+=+=+=+=+=+=+=+=+=+=+=+=+=+=+=+=+=+= TOP 10 VIDEOS 1. PARIS HILTON TAKES ON MCCAIN http://www.cnn.com/video/partners/email/index.html?url=/video/politics/2008/08/06/wynter.paris.hilton.ad.cnn Paris Hilton swings back at Republican presidential candidate John McCain. Kareen Wynter reports. 2. BIKINI BARISTA STAND CLOSED http://www.cnn.com/video/partners/email/index.html?url=/video/living/2008/08/06/pkg.bikini.baristas.barred.kiro 3. TOT GRANDMA REACTS TO CHARGES http://www.cnn.com/video/partners/email/index.html?url=/video/crime/2008/08/06/grace.mom.charged.cnn 4. MAGGOTS: THE NEW ANTIBIOTIC? http://www.cnn.com/video/partners/email/index.html?url=/video/health/2008/08/06/mcginty.uk.maggot.antibiotic.itn 5. ON YOUR MARK, GET SET, FLOAT! http://www.cnn.com/video/partners/email/index.html?url=/video/living/2008/08/06/vo.in.balloon.race.wxin 6. 'LOVE TRIANGLE MURDER' http://www.cnn.com/video/partners/email/index.html?url=/video/crime/2008/08/06/dcl.london.in.session.trial.update.insession 7. TERI GARR'S DECADES OF HIDING http://www.cnn.com/video/partners/email/index.html?url=/video/health/2008/08/06/gupta.teri.garr.cnn 8. FAKE SEX AD DRAWS LAWSUIT http://www.cnn.com/video/partners/email/index.html?url=/video/tech/2008/08/06/dnt.wa.sex.ad.lawsuit.komo 9. 'WE NEED AN ECONOMIC SURGE' http://www.cnn.com/video/partners/email/index.html?url=/video/politics/2008/08/06/sot.mccain.econo.surge.cnn 10. OBAMA GOT HIT IN THE HEAD? http://www.cnn.com/video/partners/email/index.html?url=/video/politics/2008/08/06/sot.obama.asked.why.running.cnn TOP 10 STORIES 1. N. DAKOTA'S REAL-LIFE JED CLAMPETT http://www.cnn.com/2008/LIVING/wayoflife/08/05/oil.boomtown/index.html In the midst of a N. Dakota oil boom, a man born during the Great Depression is making a fortune after striking oil on his property. 2. OBAMA'S UPHILL POLLING BATTLE http://www.cnn.com/2008/POLITICS/08/06/obama.polls/index.html 3. D.A.: SEX CASE ABOUT 'PURE EVIL' http://www.cnn.com/2008/CRIME/08/06/sex.club.trial.ap/index.html 4. ANOTHER SIDE OF AMY RAY http://www.cnn.com/2008/SHOWBIZ/Music/08/06/amy.ray/index.html 5. COMMENTARY: BILL CLINTON'S UPSET http://www.cnn.com/2008/US/08/06/martin.billclinton/index.html 6. WOMEN DRIVEN TO DONATE EGGS http://www.cnn.com/2008/HEALTH/08/05/selling.eggs/index.html 7. ANTHRAX SUSPECT CALLED MISLEADING http://www.cnn.com/2008/CRIME/08/06/anthrax.case/index.html 8. MOUNTAIN LION IN BEDROOM KILLS DOG http://www.cnn.com/2008/US/08/06/mountain.lion.ap/index.html 9. REPORTS: MISTAKES DOOMED UTAH MINE http://www.cnn.com/2008/US/08/06/utah.mine.anniv.ap/index.html 10. BIN LADEN'S FORMER DRIVER GUILTY http://www.cnn.com/2008/CRIME/08/06/hamdan.trial/index.html CNN, The Most Trusted Name in News >    Cable News Network LP, LLLP.                       < >    One CNN Center, Atlanta, Georgia 30303             < >    2008 Cable News Network LP, LLLP.                  < >    A Time Warner Company.                             < >    All Rights Reserved.                               < ========================================================= =   Please send comments or suggestions by going to     = =           http://www.cnn.com/feedback/                = =                                                       = =      Read our privacy guidelines by going to          = =         http://www.cnn.com/privacy.html               = ========================================================= You have agreed to receive this email from CNN.com as a result of your CNN.com preference settings. To manage your settings, go to: http://www.cnn.com/linkto/bn.manage.html To unsubscribe from the Daily Top 10, go to http://cgi.cnn.com/m/clik?e=email694@gvc.ceas-challenge.cc&l=cnn-dailytop10",1,1
CEAS_08,Madge Bellamy <EddieaustralisHanley@eurekalert.org>,How To Enlarge Penis Size,"
Impress the ladies with the new tool in your pants, and watch them moan in pleasure when you fill them up deeper and more tightly.

Many surveys have shown that ladies prefer their man to have a huge manhood.

http://pillmust.com/


",1,1
CEAS_08,Giovanni Bajo <ethab@develer.com>,"Re: [Python-3000] Reserve ""pragma"" keyword in Python 3.0?","On Sat, 22 Mar 2008 00:51:48 +0100, Martin v. Löwis wrote:

>> I think Python needs a dedicated ""pragma"" syntax; we already have two
>> pragma syntaxes (""from __future__ import"" and ""# coding""), and I think
>> a syntax designed for expressing pragmas would be much clearer than
>> using existing language features in weird ways to express pragmas.  But
>> that's a debate for another day.
> 
> See the (rejected) PEP 244.

This PEP wasn't updated explaining the reasons of the rejection, so we 
can't tell if those reasons apply to Py3k as well.
-- 
Giovanni Bajo
Develer S.r.l.
http://www.develer.com

_______________________________________________
Python-3000 mailing list
Python-3000@python.org
http://mail.python.org/mailman/listinfo/python-3000
Unsubscribe: http://mail.python.org/mailman/options/python-3000/python-3000%40tangomu.com

",0,1
CEAS_08,Matthias Klose <edcr@cs.tu-berlin.de>,Re: [Python-Dev] Capsule Summary of Some	Packaging/Deployment	Technology Concerns,"Jeff Rush writes:
> I was in a Packaging BoF yesterday and, although not very relevant to the 
> packager bootstrap thread, Guido has asked me to post some of the concerns.

We did address many topics on both days, I added the following topics
which were addressed on the Friday BoF only, see
http://wiki.python.org/moin/PackagingBOF

- Linux distributions try to ship only one version of a
  package/egg/module in one release, only shipping more than one
  version if necessary. eggs (as least as shipped with Debian, Fedora,
  Ubuntu) are all built using --single-version-externally-managed.

   - import foo should work wether installed as an egg or installed
     with distutils, and without using pkg_resources.require
   - pkg_resources should handle the situation of one egg version
     installed as --single-version-externally-managed (default version) and
     one or more eggs installed not using
     --single-version-externally-managed. Currently these additional
     versions cannot be imported. 

- It would be useful if setuptools could handle separate build and
  install steps like most configure/make/make install systems do. Access
  to external resources should optionally be disabled during a build.

- The idea was brought up to use a to-be-defined api-version to
  describe dependencies between eggs. Version numbers are generally used
  for more than api changes; the idea follows existing practice for
  shared object names, only changing when the API is changed.
_______________________________________________
Python-Dev mailing list
zvllln-eum@python.org
http://mail.python.org/mailman/listinfo/python-dev
Unsubscribe: http://mail.python.org/mailman/options/python-dev/python-dev%40tangomu.com


",0,1
CEAS_08,jdd <xyi@dodin.org>,Re: [opensuse] /boot and grub with several systems ?,"Andreas a écrit :

> Those 3 should share a /boot partition.

ot a good idea, each distro may have it's own kernel and so ust have 
it's own /boot

however you can have only one grub acces, only chose the more 
permanent one

beware the default install usually overwrite the MBR

jdd


-- 
http://www.dodin.net


",0,1
CEAS_08,Eric Smith <nvmk+mhkiwa-qod@trueblade.com>,Re: [Python-3000] Code freeze?,"Barry Warsaw wrote:
> -----BEGIN PGP SIGNED MESSAGE-----
> Hash: SHA1
> 
> On Feb 28, 2008, at 2:49 PM, Christian Heimes wrote:
> 
>> Hey Barry!
> 
> Hi Christian!
> 
>> When are you planing to freeze the code of the trunk and branches/py3k
>> for the upcoming alpha releases? I'll merge the last modifications  
>> from
>> 2.6 to 3.0 in a couple of minutes. All tests on Linux are looking  
>> good,
>> except for the two profile tests on 3.0. I'm going to test Windows  
>> later.
> 
> Okay, let's go ahead and make it official.
> 
> I plan on cutting the alphas for 2.6 and 3.0 at about 6pm Eastern  
> (UTC-5) time or 2300 UTC.  Let's freeze the tree one hour prior to  
> that: 2200 UTC Friday 29-Feb-2008.

Argh!  I was going to check the last of the PEP 3127 changes in tonight, 
but I won't make it by 6 pm EST.  I have them finished, but no tests 
written, so I'm not comfortable checking them in yet.  I guess it's no 
big deal that they slip until the next alpha.

Eric.

_______________________________________________
Python-3000 mailing list
smsbmo-9552@python.org
http://mail.python.org/mailman/listinfo/python-3000
Unsubscribe: http://mail.python.org/mailman/options/python-3000/python-3000%40tangomu.com


",0,1
CEAS_08,Raquel Hathaway <JanabrackenCummins@positioniseverything.net>,"100% Safe To Take, With NO Side Effects.","
Read hundreds of testimonials from satisfied men and their girlfriends on this site. After years of scientific research, a herbal breakthrough is finally achieved - the product rated as #1 by healthcare professionals, with gains of up to 1-3 inches guaranteed, and girth increases from 5% - 30%.

Be the stud in 2008, and achieve all your dreams of super size!

http://pathigh.com/


",1,1
CEAS_08,Kyle Browning <wmryzwu@gmail.com>,[PownceAPI] Re: URL Encoding Note Body,"Yes i will be releasing it today sometime, if you want I can zip it up   and personally email you it now. It all works, the only thing I want to do is the videocast for it now. On Mar 20, 2008, at 1:59 PM, Vincent Samaco wrote: > > Hrmm.  I've tried removing the url encoding from the POST data but the > request returns empty.  Any plans of releasing your OAuth Pownce > class? > > On Mar 20, 4:50 pm, Kyle Browning  wrote: >> Vincent, not sure, >> >> I have it working in my oauth Pownce class with a simple >> $pownceApi->sendMessage('friend_x', 'This is a post with a ton of >> spaces'); >> >> I am not url encoding. >> That worked for me. >> >> On Mar 20, 2008, at 1:46 PM, Vincent Samaco wrote: >> >> >> >>> I am trying to post a note using OAuth in PHP.  I created an params >>> array specifying note_to and note_body.  when I try to send a note >>> with spaces, I receive a 401 error.  Below is an example of what I'm >>> passing as URL and Post Fields with a note with spaces. >> >>> Request url: >>> http://api.pownce.com/2.0/send/message.xml?oauth_version=1.0&oauth_no  >>> ... >>> < >>> nonce >> >>> &oauth_timestamp >>> = >>> < >>> timestamp  >>> >&oauth_consumer_key=&note_to=set_14998&note_body=oauth >>> +test&oauth_token=&oauth_signature_method=HMAC- >>> SHA1&oauth_signature= >> >>> Post data: >>> oauth_version >>> = >>> 1.0 >>> &oauth_nonce >>> = >>> < >>> nonce >> >>> &oauth_timestamp >>> = >>> <  >>> timestamp  >>> >&oauth_consumer_key=&note_to=set_14998&note_body=oauth >>> +test&oauth_token=&oauth_signature_method=HMAC- >>> SHA1&oauth_signature= >> >>> It works fine when there are no spaces.  Anyone have any   >>> suggestions? > > --~--~---------~--~----~------------~-------~--~----~ You received this message because you are subscribed to the Google Groups ""PownceAPI"" group. To post to this group, send email to zgdjhgesv@googlegroups.com To unsubscribe from this group, send email to ggnqhfrsh-hbqfvscggnq@googlegroups.com For more options, visit this group at http://groups.google.com/group/pownceapi?hl=en -~----------~----~----~----~------~----~------~--~---",0,1
CEAS_08,Jeraldin Holt <veteranwnm8065@henrik.com>,Re:,"
Of all forms of caution, caution in love is the most fatal. http://qtylzm.cleartradition.com


",1,1
CEAS_08,Russel Bond <ReubenhipLang@voanews.com>,Real Enlargement,"
Try it today - you have nothing to lose, just a lot to gain!

Be the stud in 2008, and achieve all your dreams of super size!

http://zoompaid.com/


",1,1
CEAS_08,Andrew Whitworth <parrotbug-followup@parrotcode.org>,[perl #57676] [CAGE] Check for shared status of STM handle ,"# New Ticket Created by  Andrew Whitworth 
# Please include the string:  [perl #57676]
# in the subject line of all future correspondence about this issue. 
# 


In src/stm/backend.c:Parrot_STM_mark_pmc_handle(), there is the
following comment:

/* XXX FIXME: is this enough? what about shared status? */

I dont really know what this function does, what the problem is, or
what a solution might be. Somebody who knows STM might take a look?

--Andrew Whitworth


",0,0
CEAS_08,Tommy Pham <dqupzab0@yahoo.com>,Re: [opensuse] Have a separate resolv.conf per interface,"Hi Doc,

I think what you're looking for is routing.  I'm assuming you have 2
NICs for broandband/internet and 1 NIC for LAN?  You'll might find your
solution for here: http://lartc.org/howto/.  I used to have the same
problem also but I don't use linux for my firewall & routing :).

Regards,
Tommy

--- Doctor Who  wrote:

> On 2/14/08, Carlos E. R.  wrote:
> > -----BEGIN PGP SIGNED MESSAGE-----
> > Hash: SHA1
> >
> >
> >
> > The Thursday 2008-02-14 at 06:00 -0000, Sudhir wrote:
> >
> > >>> Is this possible and, if so, how?
> > >>
> > >> Using profiles. Set them up with Yast.
> > >>
> > > Carlos,
> > >
> > > Can you please elaborate on how to do this?
> >
> > Well, in Yast, select System / Profile Manager, and folllow the
> wizzard.
> >
> > What this does is store a copy of the configuration files
> somewhere, and
> > you name it ""home"" and ""office"", for instance. When you change the
> active
> > profile, the changes you did to any configuration files are saved,
> and the
> > other profile is copied over your configuration. The profile can be
> > choosen at boot somehow.
> >
> > All this is much better explained in the suse manual :-)
> >
> 
> Perhaps I misunderstand.  I don't want separate profiles for roaming
> (one profile for office, one for home, etc.).
> 
> I was wondering if there was a way to be at one location and have 2
> interfaces up simultaneously (such as eth0 and ppp0) and each
> interface would be on 2 separate networks with each interface having
> a
> 'separate, unique' /etc/resolv.conf it is referencing for name
> resolution.
> 
> Right now it appears as though when each interface needs to resolve a
> name, they are both referencing /etc/resolv.conf which will resolve
> fine for one interface, but not the other.
> -- 
> To unsubscribe, e-mail: assipqff+nmekprykass@opensuse.org
> For additional commands, e-mail: qybuovjs+kcmh@opensuse.org
> 
>


",0,1
CEAS_08,Daily Top 10 <nepaksde_1985@1andchuta.com>,CNN.com Daily Top 10,">+=+=+=+=+=+=+=+=+=+=+=+=+=+=+=+=+=+=+=+=+=+=+=+=+=+=+=+=+=+= >THE DAILY TOP 10 >from CNN.com >Top videos and stories as of: Aug  1, 2008  3:58 PM EDT >+=+=+=+=+=+=+=+=+=+=+=+=+=+=+=+=+=+=+=+=+=+=+=+=+=+=+=+=+=+= TOP 10 VIDEOS 1. PARIS HILTON TAKES ON MCCAIN http://www.cnn.com/video/partners/email/index.html?url=/video/politics/2008/08/06/wynter.paris.hilton.ad.cnn Paris Hilton swings back at Republican presidential candidate John McCain. Kareen Wynter reports. 2. BIKINI BARISTA STAND CLOSED http://www.cnn.com/video/partners/email/index.html?url=/video/living/2008/08/06/pkg.bikini.baristas.barred.kiro 3. TOT GRANDMA REACTS TO CHARGES http://www.cnn.com/video/partners/email/index.html?url=/video/crime/2008/08/06/grace.mom.charged.cnn 4. MAGGOTS: THE NEW ANTIBIOTIC? http://www.cnn.com/video/partners/email/index.html?url=/video/health/2008/08/06/mcginty.uk.maggot.antibiotic.itn 5. ON YOUR MARK, GET SET, FLOAT! http://www.cnn.com/video/partners/email/index.html?url=/video/living/2008/08/06/vo.in.balloon.race.wxin 6. 'LOVE TRIANGLE MURDER' http://www.cnn.com/video/partners/email/index.html?url=/video/crime/2008/08/06/dcl.london.in.session.trial.update.insession 7. TERI GARR'S DECADES OF HIDING http://www.cnn.com/video/partners/email/index.html?url=/video/health/2008/08/06/gupta.teri.garr.cnn 8. FAKE SEX AD DRAWS LAWSUIT http://www.cnn.com/video/partners/email/index.html?url=/video/tech/2008/08/06/dnt.wa.sex.ad.lawsuit.komo 9. 'WE NEED AN ECONOMIC SURGE' http://www.cnn.com/video/partners/email/index.html?url=/video/politics/2008/08/06/sot.mccain.econo.surge.cnn 10. OBAMA GOT HIT IN THE HEAD? http://www.cnn.com/video/partners/email/index.html?url=/video/politics/2008/08/06/sot.obama.asked.why.running.cnn TOP 10 STORIES 1. N. DAKOTA'S REAL-LIFE JED CLAMPETT http://www.cnn.com/2008/LIVING/wayoflife/08/05/oil.boomtown/index.html In the midst of a N. Dakota oil boom, a man born during the Great Depression is making a fortune after striking oil on his property. 2. OBAMA'S UPHILL POLLING BATTLE http://www.cnn.com/2008/POLITICS/08/06/obama.polls/index.html 3. D.A.: SEX CASE ABOUT 'PURE EVIL' http://www.cnn.com/2008/CRIME/08/06/sex.club.trial.ap/index.html 4. ANOTHER SIDE OF AMY RAY http://www.cnn.com/2008/SHOWBIZ/Music/08/06/amy.ray/index.html 5. COMMENTARY: BILL CLINTON'S UPSET http://www.cnn.com/2008/US/08/06/martin.billclinton/index.html 6. WOMEN DRIVEN TO DONATE EGGS http://www.cnn.com/2008/HEALTH/08/05/selling.eggs/index.html 7. ANTHRAX SUSPECT CALLED MISLEADING http://www.cnn.com/2008/CRIME/08/06/anthrax.case/index.html 8. MOUNTAIN LION IN BEDROOM KILLS DOG http://www.cnn.com/2008/US/08/06/mountain.lion.ap/index.html 9. REPORTS: MISTAKES DOOMED UTAH MINE http://www.cnn.com/2008/US/08/06/utah.mine.anniv.ap/index.html 10. BIN LADEN'S FORMER DRIVER GUILTY http://www.cnn.com/2008/CRIME/08/06/hamdan.trial/index.html CNN, The Most Trusted Name in News >    Cable News Network LP, LLLP.                       < >    One CNN Center, Atlanta, Georgia 30303             < >    2008 Cable News Network LP, LLLP.                  < >    A Time Warner Company.                             < >    All Rights Reserved.                               < ========================================================= =   Please send comments or suggestions by going to     = =           http://www.cnn.com/feedback/                = =                                                       = =      Read our privacy guidelines by going to          = =         http://www.cnn.com/privacy.html               = ========================================================= You have agreed to receive this email from CNN.com as a result of your CNN.com preference settings. To manage your settings, go to: http://www.cnn.com/linkto/bn.manage.html To unsubscribe from the Daily Top 10, go to http://cgi.cnn.com/m/clik?e=email1390@gvc.ceas-challenge.cc&l=cnn-dailytop10",1,1
CEAS_08,Duane Hill <r.mlij@yournetplus.com>,Re: Suggestions to block this spam,"On Tue, 19 Feb 2008 14:21:53 -0800
""Bazooka Joe""  wrote:

> I too am getting dozens of these emails that are going right through
> SA + pyzor + dcc.  sa-learn doesn't seem to make any difference.  I
> just installed razor2 today to try to combat real men.
> 
> Most get through w/ a score of 2 or less.  Many of them seem to
> trigger spamcop so i bumped that up to 3.5.
> 
> If you need more examples let me know

If you can mind the overhead, the ClamAV plugin with Sane Security
definitions are catching this spam. All of mine in the past few days
have been directing into a spambox via a rule in my MTA.

>From foo@bar  Sun Feb 24 10:30:30 2008
X-Spam-Virus: Yes (Email.Spam.Gen2588.Sanesecurity.08021808)
X-Spam-Flag: YES
X-Spam-Checker-Version: SpamAssassin 3.2.4 (2008-01-01)
X-Spam-Level: xxxxxxxxxx
X-Spam-Status: Reqd:5.0 Hits:10.5 Learn:no
Tests:BAYES_50=0.001,CLAMAV=10, HTML_MESSAGE=0.5

-------
  _|_
 (_| |


",0,0
CEAS_08,Ginty <velinkin@stfrancis.k12.mn.us>,Love doctors recommend flirting as cure,"
You have been requested to take part in this poll
http://www.brightdone.com

--
Using Opera's revolutionary e-mail client: http://www.opera.com/mail/


",1,1
CEAS_08,"""SourceForge.net"" <uiaregi@sourceforge.net>",[ spambayes-Bugs-1387699 ] train_on_filter=True needs the db to be	opened read/write,"Bugs item #1387699, was opened at 2005-12-21 21:14
Message generated for change (Comment added) made by david_abrahams
You can respond by visiting: 
https://sourceforge.net/tracker/?func=detail&atid=498103&aid=1387699&group_id=61702

Please note that this message will contain a full copy of the comment thread,
including the initial issue submission, for this request,
not just the latest update.
Category: hammie
Group: 1.0.4
Status: Closed
Resolution: Fixed
Priority: 5
Private: No
Submitted By: aikiaboy (aikiaboy)
Assigned to: Nobody/Anonymous (nobody)
Summary: train_on_filter=True needs the db to be opened read/write

Initial Comment:
train_on_filter=True needs the db to be opened 
read/write for classification

eg.

========================


[globals]
dbm_type=db3hash
verbose=True
[Headers]
include_score=True
[html_ui]
display_adv_find=True
[Storage]
persistent_use_database=dbm
persistent_storage_file=./hammie.db
[Hammie]
train_on_filter=True

=========================

$ sb_filter.py
asdf
fdsa
Loading state 
from /u/k/a/kantor/.spambayes/./hammie.db database
/u/k/a/kantor/.spambayes/./hammie.db is an existing 
database, with 2273 spam and 711 ham
Traceback (most recent call last):
  File ""/u/k/a/kantor/bin/sb_filter.py"", line 257, in ?
    main()
  File ""/u/k/a/kantor/bin/sb_filter.py"", line 248, in 
main
    action(msg)
  File ""/u/k/a/kantor/bin/sb_filter.py"", line 180, in 
filter
    return self.h.filter(msg)
  File ""/u/k/a/kantor/bin/spambayes/lib/python2.4/site-
packages/spambayes/hammie.py"", line 120, in filter
  File ""/u/k/a/kantor/bin/spambayes/lib/python2.4/site-
packages/spambayes/hammie.py"", line 162, in train
  File ""/u/k/a/kantor/bin/spambayes/lib/python2.4/site-
packages/spambayes/classifier.py"", line 273, in learn
  File ""/u/k/a/kantor/bin/spambayes/lib/python2.4/site-
packages/spambayes/classifier.py"", line 384, in 
_add_msg
  File ""/u/k/a/kantor/bin/spambayes/lib/python2.4/site-
packages/spambayes/storage.py"", line 304, in 
_wordinfoset
  File ""/s/python-
2.4.1/sun4x_58/lib/python2.4/shelve.py"", line 130, in 
__setitem__
    self.dict[key] = f.getvalue()
  File ""../spambayes//lib/python2.4/site-
packages/bsddb3/__init__.py"", line 218, in __setitem__
bsddb._db.DBAccessError: (13, 'Permission denied -- 
put: attempt to modify a read-only tree')


----------------------------------------------------------------------

Comment By: David Abrahams (david_abrahams)
Date: 2007-07-25 21:54

Message:
Logged In: YES 
user_id=52572
Originator: NO

Did you ever check in this fix?  I'm seeing the same error with the SVN
head, but without train_on_error=True, and more importantly, without the
helpful backtrace :(

  $ echo | sb_filter.py
  opened existing cache with 802 A records and 0 PTR records
  Loading state from /home/dave/spambayes/hammie.fs database
  /home/dave/spambayes/hammie.fs is an existing database, with 728 spam
and 128 ham
  X-Spambayes-Classification: spam; 0.93

  Persisting /home/dave/spambayes/hammie.fs state in database
  Exception bsddb._db.DBAccessError: (13, 'Permission denied -- put:
attempt to modify a read-only tree') in > ignored
  saving 124 items to /home/dave/spambayes/imagecache.pck

My .spambayesrc is attached

----------------------------------------------------------------------

Comment By: Tony Meyer (anadelonbrin)
Date: 2006-04-02 07:05

Message:
Logged In: YES 
user_id=552329

Fixed (CVS is down at the moment; I'll check it in once it's
done).

----------------------------------------------------------------------

You can respond by visiting: 
https://sourceforge.net/tracker/?func=detail&atid=498103&aid=1387699&group_id=61702


",0,1
CEAS_08,"""All Obeys You. With our pill"" <psjfeckley@emscorporate.com>",Good Health for Less Money,"Canadian Healthcare is an experienced, trusted, and fully-licensed International online store. Buy low cost generic pharmaceutical products of extremely high quality manufactured by the leading world famous manufacturers which stand for quality of their medications. 

Don't waste time - incredibly low prices are waiting for you.
http://mineintuition.com

And improve your sexual life. Only Confidential purchase. Verified by VISA. 

",1,1
CEAS_08,Daily Top 10 <jnwrijft1979@magt.com>,CNN.com Daily Top 10,">+=+=+=+=+=+=+=+=+=+=+=+=+=+=+=+=+=+=+=+=+=+=+=+=+=+=+=+=+=+= >THE DAILY TOP 10 >from CNN.com >Top videos and stories as of: Aug  1, 2008  3:58 PM EDT >+=+=+=+=+=+=+=+=+=+=+=+=+=+=+=+=+=+=+=+=+=+=+=+=+=+=+=+=+=+= TOP 10 VIDEOS 1. MOM PARTIES AT A CLUB http://www.cnn.com/video/partners/email/index.html?url=/video/crime/2008/08/05/ng.mom.pics.cnn Nancy Grace has new photos of Casey Anthony partying at a nightclub after her daughter Caylee vanished. 2. WOMAN'S COMPUTER SPIES ON HER http://www.cnn.com/video/partners/email/index.html?url=/video/tech/2008/08/05/pkg.webcam.spying.wcjb 3. TIGERS ATTACK TEEN AT ZOO http://www.cnn.com/video/partners/email/index.html?url=/video/us/2008/08/05/wuellner.tiger.attacks.teen.kytv 4. MISTRESS TESTIFIES IN TRIAL http://www.cnn.com/video/partners/email/index.html?url=/video/crime/2008/08/05/sot.love.triangle.zammitti.cnn 5. MAN CALLS 911 OVER SANDWICH http://www.cnn.com/video/partners/email/index.html?url=/video/crime/2008/08/05/spivey.911.call.sandwich.wtlv 6. JOHN 'JUNIOR' GOTTI ARRESTED http://www.cnn.com/video/partners/email/index.html?url=/video/us/2008/08/05/ny.gotti.jr.handcuffs.cnn 7. PASSENGERS SLIDE FROM PLANE http://www.cnn.com/video/partners/email/index.html?url=/video/us/2008/08/05/vo.aa.plane.evacuated.KTLA 8. PLANE EVACUATES PASSENGERS http://www.cnn.com/video/partners/email/index.html?url=/video/us/2008/08/05/nr.beeper.ca.plane.evacuate.cnn 9. PIPELINE FIRM HELPS SAVE GAS http://www.cnn.com/video/partners/email/index.html?url=/video/tech/2008/08/05/marciano.pipeline.telecommuting.cnn 10. 125,000 GORILLAS FOUND http://www.cnn.com/video/partners/email/index.html?url=/video/world/2008/08/05/vo.congo.gorilla.WCS TOP 10 STORIES 1. SMOKE FORCES EMERGENCY LANDING http://www.cnn.com/2008/US/08/05/emergency.landing/index.html Passengers evacuate an American Airlines jet by inflatable slides after an emergency landing at Los Angeles' airport, an official says. 2. HOPES FOR GORILLA SURVIVAL BOOSTED http://www.cnn.com/2008/WORLD/africa/08/05/congo.gorillas/index.html 3. STAY-AT-HOME WIVES WITHOUT KIDS http://www.cnn.com/2008/LIVING/wayoflife/08/05/lw.nokids.nojob.wives/index.html 4. COMMENTARY: IMMIGRANT SANCTUARIES http://www.cnn.com/2008/POLITICS/08/04/navarrette.immigration/index.html 5. FREEMAN RECOVERING AFTER SURGERY http://www.cnn.com/2008/SHOWBIZ/Movies/08/05/people.morgan.freeman.ap/index.html 6. JOHN ""JUNIOR"" GOTTI ARRESTED http://www.cnn.com/2008/CRIME/08/05/gotti.arrest/index.html 7. TOXIN DIMS HOPES FOR MARS LIFE http://www.cnn.com/2008/TECH/space/08/04/nasa.mars/index.html 8. THE LURE OF THE R-RATED COMEDY http://www.cnn.com/2008/SHOWBIZ/Movies/08/05/film.rrated.comedies.ap/index.html 9. STARBUCKS OFFERS AFTERNOON DEAL http://www.cnn.com/2008/US/08/05/starbucks.deal.ap/index.html 10. EDOUARD MAKES LANDFALL http://www.cnn.com/2008/US/weather/08/05/tropical.weather/index.html CNN, The Most Trusted Name in News >    Cable News Network LP, LLLP.                       < >    One CNN Center, Atlanta, Georgia 30303             < >    2008 Cable News Network LP, LLLP.                  < >    A Time Warner Company.                             < >    All Rights Reserved.                               < ========================================================= =   Please send comments or suggestions by going to     = =           http://www.cnn.com/feedback/                = =                                                       = =      Read our privacy guidelines by going to          = =         http://www.cnn.com/privacy.html               = ========================================================= You have agreed to receive this email from CNN.com as a result of your CNN.com preference settings. To manage your settings, go to: http://www.cnn.com/linkto/bn.manage.html To unsubscribe from the Daily Top 10, go to http://cgi.cnn.com/m/clik?e=de74577c@gvc.ceas-challenge.cc&l=cnn-dailytop10",1,1
CEAS_08,Marc Lehmann <veyjhby-fbuaeanj@perl.org>,[perl #46173] possible fd bug in PerlIOStdio_close ,"# New Ticket Created by  Marc Lehmann 
# Please include the string:  [perl #46173]
# in the subject line of all future correspondence about this issue. 
# 



This is a bug report for perl from vnga@schmorp.de,
generated with the help of perlbug 1.35 running under perl v5.8.8.


-----------------------------------------------------------------
[Please enter your report here]

While reading through perlio.c in current 5.8-devel, I found these lines
in PerlIOStdio_close:

   int dupfd = 0;
   ...
   dupfd = PerlLIO_dup(fd);
   ...
   if (dupfd) {

The dup won't be executed on any of my systems, but on those systems
where it is, it seems that if PerlLIO_dup returns 0, the code leaks a
filedescriptor. (Unless PerlLIO_dup does deep magic, but it seems to
simply call dup(), which returns 0 if that fd happens to be free.

just a fyi, really, I don't grok perlio :)

[Please do not change anything below this line]
-----------------------------------------------------------------
---
Flags:
    category=core
    severity=low
---
Site configuration information for perl v5.8.8:

Configured by Marc Lehmann at Sat Jan 20 00:23:48 CET 2007.

Summary of my perl5 (revision 5 version 8 subversion 8) configuration:
  Platform:
    osname=linux, osvers=2.6.17.6, archname=amd64-linux
    uname='linux cerebro 2.6.17.6 #1 smp fri oct 20 19:28:13 cest 2006 x86_64 gnulinux '
    config_args='-Duselargefiles -Dxxxxuse64bitint -Uuse64bitall -Dusemymalloc=n -Dcc=gcc -Dccflags=-DPERL_DONT_CREATE_GVSV_disabled -ggdb -Dcppflags=-DPERL_DONT_CREATE_GVSV_disabled -D_GNU_SOURCE -I/opt/include -Doptimize=-O6 -march=opteron -mtune=opteron -funroll-loops -fno-strict-aliasing -Dcccdlflags=-fPIC -Dldflags=-L/opt/perl/lib -L/opt/lib -Dlibs=-ldl -lm -lcrypt -Darchname=amd64-linux -Dprefix=/opt/perl -Dprivlib=/opt/perl/lib/perl5 -Darchlib=/opt/perl/lib/perl5 -Dvendorprefix=/opt/perl -Dvendorlib=/opt/perl/lib/perl5 -Dvendorarch=/opt/perl/lib/perl5 -Dsiteprefix=/opt/perl -Dsitelib=/opt/perl/lib/perl5 -Dsitearch=/opt/perl/lib/perl5 -Dsitebin=/opt/perl/bin -Dman1dir=/opt/perl/man/man1 -Dman3dir=/opt/perl/man/man3 -Dsiteman1dir=/opt/perl/man/man1 -Dsiteman3dir=/opt/perl/man/man3 -Dman1ext=1 -Dman3ext=3 -Dpager=/usr/bin/less -Uafs -Uusesfio -Uusenm -Uuseshrplib -Dd_dosuid -Dusethreads=undef -Duse5005threads=undef -Duseithreads=undef -Dusemultiplicity=undef -Demail=perl-
 bjbhcw@plan9.de -Dcf_email=pzwg-tgbqjk@plan9.de -Dcf_by=Marc Lehmann -Dlocincpth=/opt/perl/include /opt/include -Dmyhostname=localhost -Dmultiarch=undef -Dbin=/opt/perl/bin -Dusedevel -des'
    hint=recommended, useposix=true, d_sigaction=define
    usethreads=undef use5005threads=undef useithreads=undef usemultiplicity=undef
    useperlio=define d_sfio=undef uselargefiles=define usesocks=undef
    use64bitint=define use64bitall=undef uselongdouble=undef
    usemymalloc=n, bincompat5005=undef
  Compiler:
    cc='gcc', ccflags ='-DPERL_DONT_CREATE_GVSV_disabled -ggdb -fno-strict-aliasing -pipe -I/opt/include -D_LARGEFILE_SOURCE -D_FILE_OFFSET_BITS=64',
    optimize='-O6 -march=opteron -mtune=opteron -funroll-loops -fno-strict-aliasing',
    cppflags='-DPERL_DONT_CREATE_GVSV_disabled -D_GNU_SOURCE -I/opt/include -DPERL_DONT_CREATE_GVSV_disabled -ggdb -fno-strict-aliasing -pipe -I/opt/include'
    ccversion='', gccversion='4.1.2 20061115 (prerelease) (Debian 4.1.1-21)', gccosandvers=''
    intsize=4, longsize=8, ptrsize=8, doublesize=8, byteorder=12345678
    d_longlong=define, longlongsize=8, d_longdbl=define, longdblsize=16
    ivtype='long', ivsize=8, nvtype='double', nvsize=8, Off_t='off_t', lseeksize=8
    alignbytes=8, prototype=define
  Linker and Libraries:
    ld='gcc', ldflags ='-L/opt/perl/lib -L/opt/lib -L/usr/local/lib'
    libpth=/usr/local/lib /lib /usr/lib
    libs=-ldl -lm -lcrypt
    perllibs=-ldl -lm -lcrypt
    libc=/lib/libc-2.3.6.so, so=so, useshrplib=false, libperl=libperl.a
    gnulibc_version='2.3.6'
  Dynamic Linking:
    dlsrc=dl_dlopen.xs, dlext=so, d_dlsymun=undef, ccdlflags='-Wl,-E'
    cccdlflags='-fPIC', lddlflags='-shared -L/opt/perl/lib -L/opt/lib -L/usr/local/lib'

Locally applied patches:
    MAINT29832

---
@INC for perl v5.8.8:
    /root/src/sex
    /opt/perl/lib/perl5
    /opt/perl/lib/perl5
    /opt/perl/lib/perl5
    /opt/perl/lib/perl5
    /opt/perl/lib/perl5
    .

---
Environment for perl v5.8.8:
    HOME=/root
    LANG (unset)
    LANGUAGE (unset)
    LC_CTYPE=de_DE.UTF-8
    LD_LIBRARY_PATH (unset)
    LOGDIR (unset)
    PATH=/root/s2:/root/s:/opt/bin:/opt/sbin:/bin:/sbin:/usr/bin:/usr/sbin:/usr/X11/bin:/usr/games:/usr/local/bin:/usr/local/sbin:/root/src/uunet:.
    PERL5LIB=/root/src/sex
    PERL5_CPANPLUS_CONFIG=/root/.cpanplus/config
    PERLDB_OPTS=ornaments=0
    PERL_BADLANG (unset)
    PERL_UNICODE=EAL
    SHELL=/bin/bash


",0,0
CEAS_08,Perl Jobs <xycn-vtnhz@perl.org>,"[Perl Jobs] Small order processing job (telecommute), United States, WA, Spokane","Online URL for this job: http://jobs.perl.org/job/8016

To subscribe to this list, send mail to jobs-subscribe@perl.org.
To unsubscribe, send mail to jobs-unsubscribe@perl.org.

Posted: February 25, 2008

Job title: Small order processing job

Company name: hiller paper

Location: United States, WA, Spokane

Travel: 0%

Terms of employment: Independent contractor (project-based)

Hours: Flexible

Onsite: no

Description:
We are looking for a perl developer to create a script for us to help us in
upcoming ordering for our website. We are looking to use perl for this job
as it will quickly and effectively parse our orders. 


What we need the script to do is quantify each line in the order file to
see if the price for the product is correct.

So step by step what we are looking for from the perl script:

1. read in all orders in file order.csv
2. read in all prices for products in products.csv
3. compare all order line items, with the items cost in products.csv
4. omit all orders from problematic customers(problem_customers.csv)
5. export all orders that exceed product cost to file complete_orders.csv



An example of each file can be downloaded here:
http://w14.easy-share.com/1699699037.html(order.csv)
http://w15.easy-share.com/1699699003.html(products.csv)
http://w13.easy-share.com/1699699022.html(complete_orders.csv)
http://w13.easy-share.com/1699699027.html(problem_customers.csv)

 Im sure this is a small job for a professional perl developer. We will pay
via paypal for this job. Please email me with any questions and bids. Thank
you for your time reading this.


Required skills: Perl

Contact information at:
http://jobs.perl.org/job/8016#contact


",0,1
